Workbook
Name tc: Set!$N$1
Name tc: Ago!$N$1

Sheet Ene
A1: Período de Cálculo: | E1: 44562 | F1: 3.75
A2: PERUPETRO S.A.
A3: DETERMINACION DEL CANON, SOBRECANON y PARTICIPACION (US$)
A4: Correspondiente a Enero 2022
A5: Tipo de Cambio= 3.750
A7: Localidad | C7: Modalidad de Contrato | D7: Calculo del Canon | F7: Volumen Producción / Venta | I7: Canasta o Valor Venta (US$/Unidad) | K7: Deducción de Gastos para determinación de valor de producción en Punto de Fiscalización (US$) | O7: Valor de la Producción (US$) | P7: Canon y Sobrecanon / Participación (US$)
A8: - Lote | D8: Período | E8: Fórmula | F8: Unidades | G8: 1ra. Q | H8: 2da. Q / Mes | I8: 1ra. Q | J8: 2da. Q / Mes | K8: Flete Marítimo | L8: Comercialización | M8: Oleoducto | N8: Fiscalización | P8: Total | Q8: Localidad 1 | S8: Localidad 2
A9: Piura / Tumbes | Q9: Piura | S9: Tumbes
A10: - | B10: I | C10: Servicios | D10: Mes | E10: F1 | F10: Bls | H10: 826 | J10: 84.4782 | O10: 69778.99 | P10: 13083.56 | Q10: 10466.85 | R10: 0.15 | S10: 2616.71 | T10: 0.0375
A11: - | B11: I GAS | C11: Servicios | D11: Mes | E11: F1 | F11: MM BTU | O11: 0 | P11: 0 | Q11: 0 | R11: 0.15 | S11: 0 | T11: 0.0375
A12: - | B12: I (T) | C12: Servicios | D12: Mes | E12: F1 | F12: Bls | G12: 4539 | H12: 10172 | I12: 80.9809 | J12: 87.3395 | N12: 333.0138 | O12: 1255656.7 | P12: 235435.63 | Q12: 188348.5 | R12: 0.15 | S12: 47087.13 | T12: 0.0375
A13: - | B13: I GAS (T) | C13: Servicios | D13: Mes | E13: F1 | F13: MM BTU | G13: 45049.67 | H13: 51899.89 | I13: 3 | J13: 3 | N13: 932.4396 | O13: 289916.24 | P13: 54359.3 | Q13: 43487.44 | R13: 0.15 | S13: 10871.86 | T13: 0.0375
A14: - | B14: II | C14: Licencia | D14: Quincena | E14: F2 | F14: Bls | G14: 12091 | H14: 10787 | I14: 81.2195 | J14: 87.1743 | N14: 856.3237 | O14: 1921517.8 | P14: 360284.59 | Q14: 288227.67 | R14: 0.15 | S14: 72056.92 | T14: 0.0375
A15: - | B15: II-GAS | C15: Servicios | D15: Mes | E15: F1 | F15: MM BTU | G15: 18897.16 | H15: 8771.5 | I15: 2.6775 | J15: 2.6775 | N15: 918.1658 | O15: 73164.674 | P15: 13718.38 | Q15: 10974.7 | R15: 0.15 | S15: 2743.68 | T15: 0.0375
A16: - | B16: III | C16: Licencia | D16: Quincena | E16: F2 | F16: Bls | G16: 6634 | H16: 7572 | I16: 80.9809 | J16: 87.3395 | N16: 613.6971 | O16: 1197948.3 | P16: 224615.3 | Q16: 179692.24 | R16: 0.15 | S16: 44923.06 | T16: 0.0375
A17: - | B17: IV | C17: Licencia | D17: Quincena | E17: F2 | F17: Bls | G17: 29703 | H17: 33545 | I17: 80.9809 | J17: 87.3395 | N17: 1579.4388 | O17: 5333599.8 | P17: 1000050 | Q17: 800039.96 | R17: 0.15 | S17: 200009.99 | T17: 0.0375
A18: - | B18: III (T) | C18: Licencia | D18: Quincena | E18: F2 | F18: Bls | R18: 0.15 | T18: 0.0375
A19: - | B19: IV (T) | C19: Licencia | D19: Quincena | E19: F2 | F19: Bls | R19: 0.15 | T19: 0.0375
A20: - | B20: IV-GAS | C20: Licencia | D20: Quincena | E20: F2 | F20: MM BTU | G20: 4831.53 | H20: 5157.51 | I20: 6.1078 | J20: 6.1078 | O20: 61011.06 | P20: 11439.57 | Q20: 9151.66 | R20: 0.15 | S20: 2287.91 | T20: 0.0375
A21: - | B21: V | C21: Servicios | D21: Mes | E21: F1 | F21: Bls | H21: 2388 | J21: 84.4782 | N21: 723.1151 | O21: 201010.82 | P21: 37689.53 | Q21: 30151.62 | R21: 0.15 | S21: 7537.91 | T21: 0.0375
A22: - | B22: VII/VI | C22: Licencia | D22: Quincena | E22: F2 | F22: Bls | G22: 51473 | H22: 67682 | I22: 80.4309 | J22: 86.7895 | N22: 4405.3001 | O22: 10009701 | P22: 1876819 | Q22: 1501455.2 | R22: 0.15 | S22: 375363.8 | T22: 0.0375
A23: - | B23: VII | C23: Servicios | D23: Mes | E23: F1 | F23: Bls | O23: 0 | P23: 0 | Q23: 0 | R23: 0.15 | S23: 0 | T23: 0.0375
A24: - | B24: VII/VI-GAS | C24: Licencia | D24: Quincena | E24: F2 | F24: MM BTU | G24: 64211.16 | H24: 84856.96 | I24: 0.8 | J24: 0.8 | N24: 1032.3435 | O24: 118222.16 | P24: 22166.65 | Q24: 17733.32 | R24: 0.15 | S24: 4433.33 | T24: 0.0375
A25: - | B25: IX | C25: Licencia | D25: Quincena | E25: F2 | F25: Bls | G25: 2085 | H25: 2729 | I25: 80.9809 | J25: 87.3395 | N25: 356.8018 | O25: 406837.88 | P25: 76282.1 | Q25: 61025.68 | R25: 0.15 | S25: 15256.42 | T25: 0.0375
A26: - | B26: X | C26: Licencia | D26: Quincena | E26: F2 | F26: Bls | G26: 181294 | H26: 191491 | I26: 80.9809 | J26: 87.3395 | N26: 5513.762 | O26: 31400566 | P26: 5887606.1 | Q26: 4710084.9 | R26: 0.15 | S26: 1177521.2 | T26: 0.0375
A27: - | B27: X-GAS | C27: Licencia | D27: Mes | E27: F2 | F27: MM BTU | G27: 256592.52 | H27: 266130.64 | I27: 2.3042 | J27: 2.3042 | N27: 1089.431 | O27: 1203369.3 | P27: 225631.74 | Q27: 180505.39 | R27: 0.15 | S27: 45126.35 | T27: 0.0375
A28: - | B28: XIV | C28: Licencia | D28: Mes | E28: F2 | F28: Bls | O28: 0 | P28: 0 | Q28: 0 | R28: 0.15 | S28: 0 | T28: 0.0375
A29: - | B29: XV | C29: Licencia | D29: Quincena | E29: F2 | F29: Bls | G29: 438 | H29: 473 | I29: 81.2746 | J29: 86.9233 | N29: 390.1013 | O29: 76322.889 | P29: 14310.54 | Q29: 11448.43 | R29: 0.15 | S29: 2862.11 | T29: 0.0375
A30: - | B30: XIII Crudo | C30: Licencia | D30: Quincena | E30: F2 | F30: Bls | G30: 19415 | H30: 29002 | I30: 78.8209 | J30: 85.1795 | N30: 3701.2133 | O30: 3996982.4 | P30: 749434.2 | Q30: 599547.36 | R30: 0.15 | S30: 149886.84 | T30: 0.0375
A31: - | B31: XIII COND | C31: Licencia | D31: Quincena | E31: F2 | F31: Bls | O31: 0 | P31: 0 | Q31: 0 | R31: 0.15 | S31: 0 | T31: 0.0375
A32: - | B32: XIII Gas -A | C32: Licencia | D32: Quincena | E32: F2 | F32: MM BTU | G32: 116255.91 | H32: 176845.03 | I32: 1.5 | J32: 1.5 | N32: 1536.6225 | O32: 438114.8 | P32: 82146.52 | Q32: 65717.22 | R32: 0.15 | S32: 16429.3 | T32: 0.0375
A33: - | B33: XIII Gas -B | C33: Licencia | D33: Quincena | E33: F2 | F33: MM BTU | G33: 105118.14 | H33: 98915.22 | I33: 3.3981 | J33: 3.4271 | O33: 696194.3 | P33: 130536.43 | Q33: 104429.15 | R33: 0.15 | S33: 26107.29 | T33: 0.0375
A34: - | B34: XIII Gas Lantera | C34: Licencia | D34: Quincena | E34: F2 | F34: MM BTU | O34: 0 | P34: 0 | Q34: 0 | R34: 0.15 | S34: 0 | T34: 0.0375
A35: - | B35: XIII Gas Expectativa | C35: Licencia | D35: Quincena | E35: F2 | F35: MM BTU | O35: 0 | P35: 0 | Q35: 0 | R35: 0.15 | S35: 0 | T35: 0.0375
A36: - | B36: XIII Gas Paita | C36: Licencia | D36: Quincena | E36: F2 | F36: MM BTU | G36: 11015.53 | H36: 14257.29 | I36: 3.2604 | J36: 3.14 | O36: 80682.92 | P36: 15128.05 | Q36: 12102.44 | R36: 0.15 | S36: 3025.61 | T36: 0.0375
A39: - | B39: Z-2B | C39: Servicios | D39: Mes | E39: F1 | F39: Bls | H39: 172371 | J39: 85.5724 | N39: 1189.3375 | O39: 14749011 | P39: 2765439.5 | Q39: 2212351.6 | R39: 0.15 | S39: 553087.91 | T39: 0.0375
A40: - | B40: Z-2B GAS | C40: Servicios | D40: Mes | E40: F1 | F40: MM BTU | H40: 350250.76 | J40: 7.9799 | N40: 1051.3744 | O40: 2793914.7 | P40: 523859 | Q40: 419087.2 | R40: 0.15 | S40: 104771.8 | T40: 0.0375
A41: - | B41: XX | C41: Licencia | D41: Quincena | E41: F2 | F41: Bls | G41: 128 | H41: 163 | I41: 80.9809 | J41: 87.3395 | N41: 228.3528 | O41: 24373.547 | P41: 4570.04 | Q41: 914.01 | R41: 0.0375 | S41: 3656.03 | T41: 0.15
A42: - | B42: Z1 Crudo | C42: Licencia | D42: Quincena | E42: F2 | F42: Bls | O42: 0 | P42: 0 | Q42: 0 | R42: 0.0375 | S42: 0 | T42: 0.15
A43: - | B43: Z1 Gas | C43: Licencia | D43: Quincena | E43: F2 | F43: MM BTU | O43: 0 | P43: 0 | Q43: 0 | R43: 0.0375 | S43: 0 | T43: 0.15
A44: - | B44: Z-2B - LGN | C44: Servicios | D44: Mes | E44: F1 | F44: Bls | H44: 24491 | J44: 74.8355 | N44: 1141.7615 | O44: 1831654.5 | P44: 343435.21 | Q44: 274748.17 | R44: 0.15 | S44: 68687.04 | T44: 0.0375
A45: - | B45: Z-6 | C45: Licencia | D45: Quincena | E45: F2 | F45: MM BTU | O45: 0 | P45: 0 | Q45: 0 | R45: 0.15 | S45: 0 | T45: 0.0375
A46: - | B46: Ajustes meses anteriores (1) | O46: -108690.1 | P46: -20379.38 | Q46: -16303.52 | S46: -4075.86
B47: Subtotal | C47: Piura / Tumbes US$ | O47: 78120861 | P47: 14647662 | Q47: 11715387 | S47: 2932274.3
C48: Piura / Tumbes S/. | P48: 54928731 | Q48: 43932702 | S48: 10996029
A49: Provincia Puerto Inca Huanuco | Q49: Puerto Inca
A50: - | B50: 31-D | C50: Licencia | D50: Quincena | E50: F2 | F50: Bls | O50: 0 | P50: 0 | Q50: 0 | R50: 0.15
A51: - | B51: 131 | C51: Licencia | D51: Quincena | E51: F2 | F51: Bls | G51: 23594 | H51: 27554 | I51: 72.0309 | J51: 78.1352 | N51: 4595.5963 | O51: 3847838.8 | P51: 577175.81 | Q51: 577175.81 | R51: 0.15
A52: - | B52: Ajustes meses anteriores (2)
B53: Subtotal | C53: Provincia Puerto Inca Huanuco US$ | O53: 3847838.8 | P53: 577175.81 | Q53: 577175.81 | S53: 0
C54: Provincia Puerto Inca Huanuco S/. | P54: 2164409.3 | Q54: 2164409.3 | S54: 0
A55: Loreto / Ucayali | Q55: Loreto | S55: Ucayali
A56: - | B56: 31-E | C56: Licencia | D56: Mes | E56: F2 | F56: Bls | O56: 0 | P56: 0 | Q56: 0 | R56: 0.15 | S56: 0 | T56: 0.0375
A57: - | B57: 192 | C57: Servicios | D57: Mes | E57: F1 | F57: Bls | O57: 0 | P57: 0 | Q57: 0 | R57: 0.15 | S57: 0 | T57: 0.0375
A58: - | B58: 8 | C58: Licencia | D58: Quincena | E58: F2 | F58: Bls | O58: 0 | P58: 0 | Q58: 0 | R58: 0.15 | S58: 0 | T58: 0.0375
A59: - | B59: 8 - Crudo Corrientes | C59: Licencia | D59: Quincena | E59: F2 | F59: Bls | O59: 0 | P59: 0 | Q59: 0 | R59: 0.15 | S59: 0 | T59: 0.0375
A60: - | B60: 31-B | C60: Licencia | D60: Quincena | E60: F2 | F60: Bls | O60: 0 | P60: 0 | Q60: 0 | R60: 0.15 | S60: 0 | T60: 0.0375
A61: - | B61: 31-C GAS | C61: Licencia | D61: Quincena | E61: F2 | F61: MM BTU | H61: 180.71 | J61: 3.66 | N61: 575.6404 | O61: 85.7596 | P61: 16.08 | Q61: 3.22 | R61: 0.0375 | S61: 12.86 | T61: 0.15
A62: - | B62: 31-C LGN (*) | C62: Licencia | D62: Quincena | E62: F3 | F62: Bls | G62: 1641 | H62: 4464 | I62: 48.1763 | J62: 55.4218 | N62: 2607.0252 | O62: 323853.2 | P62: 60722.48 | Q62: 12144.5 | R62: 0.0375 | S62: 48577.98 | T62: 0.15
A63: - | B63: 31-C COND | C63: Licencia | D63: Quincena | E63: F2 | F63: Bls | O63: 0 | P63: 0 | Q63: 0 | R63: 0.0375 | S63: 0 | T63: 0.15
A64: - | B64: 102 | C64: Licencia | D64: Quincena | E64: F2 | F64: Bls | O64: 0 | P64: 0 | Q64: 0 | R64: 0.15 | S64: 0 | T64: 0.0375
A65: - | B65: 95 | C65: Licencia | D65: Quincena | E65: F2 | F65: Bls | G65: 125936 | H65: 304184 | I65: 65.0558 | J65: 70.7124 | N65: 6146.49 | O65: 29696301 | P65: 5568056.5 | Q65: 4454445.2 | R65: 0.15 | S65: 1113611.3 | T65: 0.0375
A66: - | B66: 67 | C66: Licencia | D66: Quincena | E66: F2 | F66: Bls | O66: 0 | P66: 0 | Q66: 0 | R66: 0.15 | S66: 0 | T66: 0.0375
A67: - | B67: Ajustes meses anteriores (3)
B68: Subtotal | C68: Loreto / Ucayali US$ | O68: 30020240 | P68: 5628795.1 | Q68: 4466592.9 | S68: 1162202.1
C69: Loreto / Ucayali S/. | P69: 21107982 | Q69: 16749723 | S69: 4358258
A70: Cusco | P70: V. Regalías | Q70: Cusco
A71: - | B71: 88 LGN | C71: Licencia | D71: Quincena | E71: F4 | F71: Bls | G71: 779345 | H71: 824991 | I71: 58.3695 | J71: 61.3819 | O71: 96129493 | P71: 35798623 | Q71: 17899312 | R71: 0.5
A72: - | B72: 88 GAS | C72: Licencia | D72: Quincena | E72: F4 | F72: MM BTU | G72: 10266313 | H72: 9198105.1 | I72: 2.0126 | J72: 2.0126 | O72: 39174087 | P72: 14588430 | Q72: 7294215 | R72: 0.5
A73: - | B73: 88 GAS -Mlocal | C73: Licencia | D73: Quincena | E73: F4 | F73: MM BTU | G73: 31915.85 | H73: 29223.62 | I73: 2.5895 | J73: 2.5895 | O73: 158320.66 | P73: 58958.61 | Q73: 29479.31 | R73: 0.5
A74: - | B74: 88 GAS -PM | C74: Licencia | D74: Quincena | E74: F4 | F74: MM BTU | G74: 947221.33 | H74: 1000068.2 | I74: 14.507 | J74: 12.275 | O74: 26017177 | P74: 9886527.4 | Q74: 4943263.7 | R74: 0.5
A75: - | B75: 56 LGN | C75: Licencia | D75: Quincena | E75: F4 | F75: Bls | G75: 259289 | H75: 326240 | I75: 58.3682 | J75: 61.3715 | O75: 35156070 | P75: 14062428 | Q75: 7031214.1 | R75: 0.5
A76: - | B76: 56 GAS | C76: Licencia | D76: Quincena | E76: F4 | F76: MM BTU | G76: 6536203.5 | H76: 7764066.8 | I76: 14.507 | J76: 12.275 | O76: 1.9012462e+08 | P76: 72247357 | Q76: 36123679 | R76: 0.5
A77: - | B77: 56 GAS-Mlocal | C77: Licencia | D77: Quincena | E77: F4 | F77: MM BTU | G77: 274722.4 | H77: 295208.16 | I77: 2.0374 | J77: 2.0374 | O77: 1161176.5 | P77: 432422.14 | Q77: 216211.07 | R77: 0.5
A78: - | B78: 57 LGN | C78: Licencia | D78: Quincena | E78: F4 | F78: Bls | G78: 234294 | H78: 202390 | I78: 53.0011 | J78: 56.0207 | O78: 23755869 | P78: 1533603.3 | Q78: 766801.66 | R78: 0.5
A79: - | B79: 57 GAS | C79: Licencia | D79: Quincena | E79: F4 | F79: MM BTU | G79: 3677380.1 | H79: 3178830.3 | I79: 14.763 | J79: 14.763 | O79: 1.0121823e+08 | P79: 10222758 | Q79: 5111379 | R79: 0.5
A80: - | B80: Ajustes meses anteriores (4) | O80: 5605276.3 | P80: 799568.62 | Q80: 399784.3
B81: Subtotal | C81: Cusco US$ | O81: 5.1850033e+08 | P81: 1.5963068e+08 | Q81: 79815338
C82: Cusco S/. | G82: 14.004032 | H82: 11.900001 | Q82: 2.9930752e+08
A83: Total General | H83: 0 | I83: 0 | J83: 1.912858e+08 | K83: -1.912858e+08 | M83: 0 | N83: 41517.347 | O83: 6.3048927e+08 | P83: 1.0066897e+08 | Q83: 3.7750864e+08
A85: (*) | B85: Determinación de Canasta de los Líquidos de Gas Natural (VLGNF) | H85: = ( VC * %P + (PB - TF - TT) * (1 - %P)) | O85: 3.0994382e+08
B86: Simbolo | C86: Descripcion | E86: 1ra. Q | F86: 2da. Q | H86: 1ra. Q | O86: -3.2054545e+08
B87: VC | C87: Canasta de Petróleo | E87: 82.5802 | F87: 89.2458 | H87: = (82.5802 * 54.65% + (36.6031 - 21.2630 - 0.0000) * (1 - 54.65%)) | M87: 0.0622 | N87: 0.064199999
B88: PB | C88: Precio del GLP | E88: 36.6031 | F88: 36.6031 | H88: 48.176255 | M88: 0.0942 | N88: 0.0989
B89: TF | C89: Tarifa de Fraccionam. | E89: 21.263 | F89: 21.263 | M89: 0.4 | N89: 0.4
B90: %P | C90: % Contenido Pentanos | E90: 0.5465 | F90: 0.609 | H90: 2da. Q | M90: 0.38
B91: QLGNF | C91: Volumen de LGN | H91: = (89.2458 * 60.90% + (36.6031 - 21.2630 - 0.0000) * (1 - 60.90%))
B92: TT | C92: Tarifa de Transporte | E92: 0 | F92: 0 | H92: 55.421763
A94: (*) Crudo Garantia de Interoil

Sheet Feb
A1: Período de Cálculo: | E1: 44593 | F1: 3.736 | S1: ,
A2: PERUPETRO S.A.
A3: DETERMINACION DEL CANON, SOBRECANON y PARTICIPACION (US$)
A4: Correspondiente a Febrero 2022
A5: Tipo de Cambio= 3.736
A7: Localidad | C7: Modalidad de Contrato | D7: Calculo del Canon | F7: Volumen Producción / Venta | I7: Canasta o Valor Venta (US$/Unidad) | K7: Deducción de Gastos para determinación de valor de producción en Punto de Fiscalización (US$) | O7: Valor de la Producción (US$) | P7: Canon y Sobrecanon / Participación (US$)
A8: - Lote | D8: Período | E8: Fórmula | F8: Unidades | G8: 1ra. Q | H8: 2da. Q / Mes | I8: 1ra. Q | J8: 2da. Q / Mes | K8: Flete Marítimo | L8: Comercialización | M8: Oleoducto | N8: Fiscalización | P8: Total | Q8: Localidad 1 | S8: Localidad 2
A9: Piura / Tumbes | Q9: Piura | S9: Tumbes
A10: - | B10: I | C10: Servicios | D10: Mes | E10: F1 | F10: Bls | O10: 0 | P10: 0 | Q10: 0 | R10: 0.15 | S10: 0 | T10: 0.0375
A11: - | B11: I GAS | C11: Servicios | D11: Mes | E11: F1 | F11: MM BTU | O11: 0 | P11: 0 | Q11: 0 | R11: 0.15 | S11: 0 | T11: 0.0375
A12: - | B12: I (T) | C12: Licencia | D12: Quincena | E12: F1 | F12: Bls | G12: 4575 | H12: 9569 | I12: 92.2457 | J12: 94.2228 | N12: 339.93 | O12: 1323302.1 | P12: 248119.15 | Q12: 198495.32 | R12: 0.15 | S12: 49623.83 | T12: 0.0375
A13: - | B13: I GAS (T) | C13: Licencia | D13: Quincena | E13: F1 | F13: MM BTU | G13: 45119.926 | H13: 41908.219 | I13: 3 | J13: 3 | N13: 945.89 | O13: 260138.55 | P13: 48775.98 | Q13: 39020.78 | R13: 0.15 | S13: 9755.2 | T13: 0.0375
A14: - | B14: II | C14: Licencia | D14: Quincena | E14: F2 | F14: Bls | G14: 6115 | H14: 8168 | I14: 91.4711 | J14: 94.7473 | N14: 871.9899 | O14: 1332369.7 | P14: 249819.33 | Q14: 199855.46 | R14: 0.15 | S14: 49963.87 | T14: 0.0375
A15: - | B15: II-GAS | C15: Servicios | D15: Mes | E15: F1 | F15: MM BTU | G15: 18346.436 | H15: 15010.972 | I15: 2.6775 | J15: 2.6775 | N15: 931.1067 | O15: 88383.353 | P15: 16571.88 | Q15: 13257.5 | R15: 0.15 | S15: 3314.38 | T15: 0.0375
A16: - | B16: III | C16: Licencia | D16: Quincena | E16: F2 | F16: Bls | G16: 7450 | H16: 5393 | I16: 92.2457 | J16: 94.2228 | N16: 620.7369 | O16: 1194753.3 | P16: 224016.24 | Q16: 179212.99 | R16: 0.15 | S16: 44803.25 | T16: 0.0375
A17: - | B17: IV | C17: Licencia | D17: Quincena | E17: F2 | F17: Bls | G17: 31149 | H17: 25735 | I17: 92.2457 | J17: 94.2228 | N17: 1606.0388 | O17: 5296579 | P17: 993108.57 | Q17: 794486.85 | R17: 0.15 | S17: 198621.71 | T17: 0.0375
A18: - | B18: III (T) | C18: Licencia | D18: Quincena | E18: F2 | F18: Bls | R18: 0.15 | T18: 0.0375
A19: - | B19: IV (T) | C19: Licencia | D19: Quincena | E19: F2 | F19: Bls | R19: 0.15 | T19: 0.0375
A20: - | B20: IV-GAS | C20: Licencia | D20: Quincena | E20: F2 | F20: Bls | G20: 4541.1349 | H20: 3370.7184 | I20: 9.94 | J20: 9.94 | O20: 78643.82 | P20: 14745.72 | Q20: 11796.57 | R20: 0.15 | S20: 2949.14 | T20: 0.0375
A21: - | B21: V | C21: Servicios | D21: Mes | E21: F1 | F21: Bls | H21: 1703 | J21: 93.2343 | N21: 734.0489 | O21: 158043.96 | P21: 29633.24 | Q21: 23706.59 | R21: 0.15 | S21: 5926.65 | T21: 0.0375
A22: - | B22: VII/VI | C22: Licencia | D22: Quincena | E22: F2 | F22: Bls | G22: 49836 | H22: 52502 | I22: 91.6957 | J22: 93.6728 | N22: 4473.2562 | O22: 9483283 | P22: 1778115.6 | Q22: 1422492.4 | R22: 0.15 | S22: 355623.11 | T22: 0.0375
A23: - | B23: VII | C23: Servicios | D23: Mes | E23: F1 | F23: Bls | O23: 0 | P23: 0 | Q23: 0 | R23: 0.15 | S23: 0 | T23: 0.0375
A24: - | B24: VII/VI-GAS | C24: Licencia | D24: Quincena | E24: F2 | F24: MM BTU | G24: 79232.06 | H24: 69839.98 | I24: 0.8 | J24: 0.8 | N24: 1049.3456 | O24: 118208.28 | P24: 22164.05 | Q24: 17731.24 | R24: 0.15 | S24: 4432.81 | T24: 0.0375
A25: - | B25: IX | C25: Licencia | D25: Quincena | E25: F2 | F25: Bls | G25: 2015 | H25: 2427 | I25: 92.2457 | J25: 94.2228 | N25: 364.5597 | O25: 414189.27 | P25: 77660.49 | Q25: 62128.39 | R25: 0.15 | S25: 15532.1 | T25: 0.0375
A26: - | B26: X | C26: Licencia | D26: Quincena | E26: F2 | F26: Bls | G26: 164988 | H26: 165480 | I26: 92.2457 | J26: 94.2228 | N26: 5606.3528 | O26: 30805816 | P26: 5776090.5 | Q26: 4620872.4 | R26: 0.15 | S26: 1155218.1 | T26: 0.0375
A27: - | B27: X-GAS | C27: Licencia | D27: Mes | E27: F2 | F27: MM BTU | G27: 249423.79 | H27: 211941.04 | I27: 2.189 | J27: 2.189 | N27: 1103.5329 | O27: 1008824.1 | P27: 189154.52 | Q27: 151323.61 | R27: 0.15 | S27: 37830.9 | T27: 0.0375
A28: - | B28: XIV | C28: Licencia | D28: Mes | E28: F2 | F28: Bls | O28: 0 | P28: 0 | Q28: 0 | R28: 0.15 | S28: 0 | T28: 0.0375
A29: - | B29: XV | C29: Licencia | D29: Quincena | E29: F2 | F29: Bls | G29: 150 | H29: 643 | I29: 90.3599 | J29: 93.5457 | N29: 394.1181 | O29: 73309.762 | P29: 13745.58 | Q29: 10996.46 | R29: 0.15 | S29: 2749.12 | T29: 0.0375
A30: - | B30: XIII Crudo | C30: Licencia | D30: Quincena | E30: F2 | F30: Bls | G30: 17487 | H30: 22293 | I30: 89.8957 | J30: 91.8728 | N30: 3758.9146 | O30: 3616367.5 | P30: 678068.91 | Q30: 542455.13 | R30: 0.15 | S30: 135613.78 | T30: 0.0375
A31: - | B31: XIII COND | C31: Licencia | D31: Quincena | E31: F2 | F31: Bls | O31: 0 | P31: 0 | Q31: 0 | R31: 0.15 | S31: 0 | T31: 0.0375
A32: - | B32: XIII Gas-A | C32: Licencia | D32: Quincena | E32: F2 | F32: MM BTU | G32: 163708.77 | H32: 143775.38 | I32: 1.61 | J32: 1.61 | N32: 1561.6999 | O32: 493487.78 | P32: 92528.96 | Q32: 74023.17 | R32: 0.15 | S32: 18505.79 | T32: 0.0375
A33: - | B33: XIII Gas-B | C33: Licencia | D33: Quincena | E33: F2 | F33: MM BTU | G33: 83801.806 | H33: 102606.09 | I33: 3.6149 | J33: 3.3345 | O33: 645075.15 | P33: 120951.59 | Q33: 96761.27 | R33: 0.15 | S33: 24190.32 | T33: 0.0375
A34: - | B34: XIII Gas Lantera | C34: Licencia | D34: Quincena | E34: F2 | F34: MM BTU | O34: 0 | P34: 0 | Q34: 0 | R34: 0.15 | S34: 0 | T34: 0.0375
A35: - | B35: XIII Gas Expectativa | C35: Licencia | D35: Quincena | E35: F2 | F35: MM BTU | O35: 0 | P35: 0 | Q35: 0 | R35: 0.15 | S35: 0 | T35: 0.0375
A36: - | B36: XIII Gas Paita | C36: Licencia | D36: Quincena | E36: F2 | F36: MM BTU | G36: 14995.04 | H36: 15559.33 | I36: 3.1749 | J36: 3.2336 | O36: 97920.4 | P36: 18360.08 | Q36: 14688.06 | R36: 0.15 | S36: 3672.02 | T36: 0.0375
A37: - | B37: XIII Gas Efe-01 | C37: Licencia | D37: Quincena | E37: F2 | F37: MM BTU | P37: 0 | Q37: 0 | R37: 0.15 | S37: 0 | T37: 0.0375
A38: - | B38: XIII Gas Efe-02 | C38: Licencia | D38: Quincena | E38: F2 | F38: MM BTU | G38: 588.84 | H38: 567.24 | I38: 3 | J38: 3 | O38: 3468.24 | P38: 650.3 | Q38: 520.24 | R38: 0.15 | S38: 130.06 | T38: 0.0375
A39: - | B39: Z-2B | C39: Servicios | D39: Mes | E39: F1 | F39: Bls | H39: 159846 | J39: 94.1015 | N39: 1206.9912 | O39: 15040541 | P39: 2820101.5 | Q39: 2256081.2 | R39: 0.15 | S39: 564020.3 | T39: 0.0375
A40: - | B40: Z-2B GAS | C40: Servicios | D40: Mes | E40: F1 | F40: MM BTU | H40: 185166.58 | J40: 8.6913 | N40: 1064.1234 | O40: 1608274.2 | P40: 301551.41 | Q40: 241241.13 | R40: 0.15 | S40: 60310.28 | T40: 0.0375
A41: - | B41: XX | C41: Licencia | D41: Quincena | E41: F2 | F41: Bls | H41: 310 | J41: 94.2228 | N41: 231.543 | O41: 28977.527 | P41: 5433.29 | Q41: 1086.66 | R41: 0.0375 | S41: 4346.63 | T41: 0.15
A42: - | B42: Z1 Crudo | C42: Licencia | D42: Quincena | E42: F2 | F42: Bls | O42: 0 | P42: 0 | Q42: 0 | R42: 0.0375 | S42: 0 | T42: 0.15
A43: - | B43: Z1 Gas | C43: Licencia | D43: Quincena | E43: F2 | F43: MM BTU | O43: 0 | P43: 0 | Q43: 0 | R43: 0.0375 | S43: 0 | T43: 0.15
A44: - | B44: Z-2B - LGN | C44: Servicios | D44: Mes | E44: F1 | F44: Bls | H44: 24070 | J44: 79.6841 | N44: 1162.6523 | O44: 1916833.6 | P44: 359406.31 | Q44: 287525.05 | R44: 0.15 | S44: 71881.26 | T44: 0.0375
A45: - | B45: Z-6 | C45: Licencia | D45: Quincena | E45: F2 | F45: MM BTU | O45: 0 | P45: 0 | Q45: 0 | R45: 0.15 | S45: 0 | T45: 0.0375
A46: - | B46: Ajustes meses anteriores (1) | O46: 36865.75 | P46: 6912.33 | Q46: 5529.86 | S46: 1382.46 | T46: 0.0375
B47: Subtotal | C47: Piura / Tumbes US$ | O47: 75123656 | P47: 14085686 | Q47: 11265288 | S47: 2820397.1
C48: Piura / Tumbes S/. | P48: 52624121 | Q48: 42087118 | S48: 10537003
A49: Provincia Puerto Inca Huanuco | Q49: Puerto Inca
A50: - | B50: 31-D | C50: Licencia | D50: Quincena | E50: F2 | F50: Bls | O50: 0 | P50: 0 | Q50: 0 | R50: 0.15
A51: - | B51: 131 | C51: Licencia | D51: Quincena | E51: F2 | F51: Bls | G51: 20507 | H51: 20118 | I51: 82.4488 | J51: 86.1577 | N51: 4665.3924 | O51: 3419432.8 | P51: 512914.91 | Q51: 512914.91 | R51: 0.15
A52: - | B52: Ajustes meses anteriores (2)
B53: Subtotal | C53: Provincia Puerto Inca Huanuco US$ | O53: 3419432.8 | P53: 512914.91 | Q53: 512914.91 | S53: 0
C54: Provincia Puerto Inca Huanuco S/. | P54: 1916250.1 | Q54: 1916250.1 | S54: 0
A55: Loreto / Ucayali | Q55: Loreto | S55: Ucayali
A56: - | B56: 31-E | C56: Licencia | D56: Mes | E56: F2 | F56: Bls | O56: 0 | P56: 0 | Q56: 0 | R56: 0.15 | S56: 0 | T56: 0.0375
A57: - | B57: 192 | C57: Servicios | D57: Mes | E57: F1 | F57: Bls | O57: 0 | P57: 0 | Q57: 0 | R57: 0.15 | S57: 0 | T57: 0.0375
A58: - | B58: 8 | C58: Licencia | D58: Quincena | E58: F2 | F58: Bls | O58: 0 | P58: 0 | Q58: 0 | R58: 0.15 | S58: 0 | T58: 0.0375
A59: - | B59: 8 - Crudo Corrientes | C59: Licencia | D59: Quincena | E59: F2 | F59: Bls | O59: 0 | P59: 0 | Q59: 0 | R59: 0.15 | S59: 0 | T59: 0.0375
A60: - | B60: 31-B | C60: Licencia | D60: Quincena | E60: F2 | F60: Bls | O60: 0 | P60: 0 | Q60: 0 | R60: 0.15 | S60: 0 | T60: 0.0375
A61: - | B61: 31-C GAS | C61: Licencia | D61: Quincena | E61: F2 | F61: MM BTU | G61: 52831.673 | H61: 39847.285 | I61: 3.6608 | J61: 3.6613 | N61: 586.2543 | O61: 338712.8 | P61: 63508.65 | Q61: 12701.73 | R61: 0.0375 | S61: 50806.92 | T61: 0.15
A62: - | B62: 31-C LGN (*) | C62: Licencia | D62: Quincena | E62: F3 | F62: Bls | G62: 3952 | H62: 4162 | I62: 63.4954 | J62: 67.7164 | N62: 2650.4549 | O62: 530119.03 | P62: 99397.32 | Q62: 19879.46 | R62: 0.0375 | S62: 79517.85 | T62: 0.15
A63: - | B63: 31-C COND | C63: Licencia | D63: Quincena | E63: F2 | F63: Bls | O63: 0 | P63: 0 | Q63: 0 | R63: 0.0375 | S63: 0 | T63: 0.15
A64: - | B64: 102 | C64: Licencia | D64: Quincena | E64: F2 | F64: Bls | O64: 0 | P64: 0 | Q64: 0 | R64: 0.15 | S64: 0 | T64: 0.0375
A65: - | B65: 95 | C65: Licencia | D65: Quincena | E65: F2 | F65: Bls | G65: 304397 | H65: 287000 | I65: 74.4671 | J65: 76.5088 | N65: 6261.5855 | O65: 44619326 | P65: 8366123.6 | Q65: 6692898.9 | R65: 0.15 | S65: 1673224.7 | T65: 0.0375
A66: - | B66: 67 | C66: Licencia | D66: Quincena | E66: F2 | F66: Bls | H66: 9023 | J66: 56.38 | N66: 926.1825 | O66: 507790.56 | P66: 95210.73 | Q66: 76168.58 | R66: 0.15 | S66: 19042.15 | T66: 0.0375
A67: - | B67: Ajustes meses anteriores (3) | O67: 0 | P67: 0 | Q67: 0 | S67: 0
B68: Subtotal | C68: Loreto / Ucayali US$ | O68: 45995948 | P68: 8624240.3 | Q68: 6801648.7 | S68: 1822591.6
C69: Loreto / Ucayali S/. | P69: 32220162 | Q69: 25410959 | S69: 6809202.4
A70: Cusco | P70: V. Regalías | Q70: Cusco
A71: - | B71: 88 LGN | C71: Licencia | D71: Quincena | E71: F4 | F71: Bls | G71: 780206 | H71: 670982 | I71: 63.9961 | J71: 66.9129 | O71: 94827493 | P71: 35313758 | Q71: 17656879 | R71: 0.5
A72: - | B72: 88 GAS | C72: Licencia | D72: Quincena | E72: F4 | F72: MM BTU | G72: 9245554.4 | H72: 8426086.6 | I72: 2.2757 | J72: 2.2757 | O72: 40215353 | P72: 14976198 | Q72: 7488098.8 | R72: 0.5
A73: - | B73: 88 GAS -Mlocal | C73: Licencia | D73: Quincena | E73: F4 | F73: MM BTU | G73: 24684.273 | H73: 28206.469 | I73: 3.0285 | J73: 3.0285 | O73: 160179.61 | P73: 59650.89 | Q73: 29825.45 | R73: 0.5
A74: - | B74: 88 GAS -PM | C74: Licencia | D74: Quincena | E74: F4 | F74: MM BTU | G74: 940011.02 | H74: 793503.84 | I74: 12.676 | J74: 14.427 | O74: 23363460 | P74: 8878114.6 | Q74: 4439057.3 | R74: 0.5
A75: - | B75: 56 LGN | C75: Licencia | D75: Quincena | E75: F4 | F75: Bls | G75: 306806 | H75: 208275 | I75: 63.9813 | J75: 66.9142 | O75: 33566402 | P75: 13426561 | Q75: 6713280.3 | R75: 0.5
A76: - | B76: 56 GAS | C76: Licencia | D76: Quincena | E76: F4 | F76: MM BTU | G76: 7361599 | H76: 5303095.1 | I76: 12.676 | J76: 14.427 | O76: 1.6982338e+08 | P76: 64532885 | Q76: 32266442 | R76: 0.5
A77: - | B77: 56 GAS-Mlocal | C77: Licencia | D77: Quincena | E77: F4 | F77: MM BTU | G77: 274016.79 | H77: 228600.83 | I77: 2.0509 | J77: 2.0509 | O77: 1030818.5 | P77: 383876.8 | Q77: 191938.4 | R77: 0.5
A78: - | B78: 57 LGN | C78: Licencia | D78: Quincena | E78: F4 | F78: Bls | G78: 178587 | H78: 204713 | I78: 58.5614 | J78: 61.4572 | O78: 23039393 | P78: 1479843.6 | Q78: 739921.82 | R78: 0.5
A79: - | B79: 57 GAS | C79: Licencia | D79: Quincena | E79: F4 | F79: MM BTU | G79: 2789821.7 | H79: 3219684.3 | I79: 13.354 | J79: 13.354 | O79: 80250943 | P79: 8007390.6 | Q79: 4003695.3 | R79: 0.5
A80: - | B80: Ajustes meses anteriores (4) | O80: -4085577.2 | P80: 1111828.4 | Q80: 555914.22
B81: Subtotal | C81: Cusco US$ | O81: 4.6219184e+08 | P81: 1.4817011e+08 | Q81: 74085053
C82: Cusco S/. | G82: 12.294701 | H82: 13.91555 | Q82: 2.7678176e+08
A83: Total General | G83: 0 | I83: 0 | J83: 1.708542e+08 | K83: -1.708542e+08 | M83: 0 | N83: 43116.7 | O83: 5.8673088e+08 | P83: 97307894 | Q83: 3.6354229e+08
A85: (*) | B85: Determinación de Canasta de los Líquidos de Gas Natural (VLGNF) | H85: = ( VC * %P + (PB - TF - TT) * (1 - %P))
B86: Simbolo | C86: Descripcion | E86: 1ra. Q | F86: 2da. Q | H86: 1ra. Q
B87: VC | C87: Canasta de Petróleo | E87: 93.8323 | F87: 97.2892 | H87: = (93.8323 * 57.91% + (55.0346 - 21.2630 - 0.0000) * (1 - 57.91%)) | M87: 0.0622 | N87: 0.064199999
B88: PB | C88: Precio del GLP | E88: 55.0346 | F88: 63.5209 | H88: 63.495362 | M88: 0.0942 | N88: 0.0989
B89: TF | C89: Tarifa de Fraccionam. | E89: 21.263 | F89: 21.263 | M89: 0.4 | N89: 0.4
B90: %P | C90: % Contenido Pentanos | E90: 0.5791 | F90: 0.5557 | H90: 2da. Q | M90: 0.38
B91: QLGNF | C91: Volumen de LGN | H91: = (97.2892 * 55.57% + (63.5209 - 21.2630 - 0.0000) * (1 - 55.57%))
B92: TT | C92: Tarifa de Transporte | E92: 0 | F92: 0 | H92: 67.716436
A94: (*) Crudo Garantia de Interoil

Sheet Mar
A1: Período de Cálculo: | E1: 44621 | F1: 3.709
A2: PERUPETRO S.A.
A3: DETERMINACION DEL CANON, SOBRECANON y PARTICIPACION (US$)
A4: Correspondiente a Marzo 2022
A5: Tipo de Cambio= 3.709
A7: Localidad | C7: Modalidad de Contrato | D7: Calculo del Canon | F7: Volumen Producción / Venta | I7: Canasta o Valor Venta (US$/Unidad) | K7: Deducción de Gastos para determinación de valor de producción en Punto de Fiscalización (US$) | O7: Valor de la Producción (US$) | P7: Canon y Sobrecanon / Participación (US$)
A8: - Lote | D8: Período | E8: Fórmula | F8: Unidades | G8: 1ra. Q | H8: 2da. Q / Mes | I8: 1ra. Q | J8: 2da. Q / Mes | K8: Flete Marítimo | L8: Comercialización | M8: Oleoducto | N8: Fiscalización | P8: Total | Q8: Localidad 1 | S8: Localidad 2
A9: Piura / Tumbes | Q9: Piura | S9: Tumbes
A10: - | B10: I | C10: Servicios | D10: Mes | E10: F1 | F10: Bls | O10: 0 | P10: 0 | Q10: 0 | R10: 0.15 | S10: 0 | T10: 0.0375
A11: - | B11: I GAS | C11: Servicios | D11: Mes | E11: F1 | F11: MM BTU | O11: 0 | P11: 0 | Q11: 0 | R11: 0.15 | S11: 0 | T11: 0.0375
A12: - | B12: I (T) | C12: Licencia | D12: Quincena | E12: F1 | F12: Bls | G12: 5023 | H12: 10690 | I12: 107.5241 | J12: 102.0001 | N12: 355.7377 | O12: 1630118.9 | P12: 305647.29 | Q12: 244517.83 | R12: 0.15 | S12: 61129.46 | T12: 0.0375
A13: - | B13: I GAS (T) | C13: Licencia | D13: Quincena | E13: F1 | F13: MM BTU | G13: 50111.66 | H13: 55425.88 | I13: 3 | J13: 3 | N13: 1000.515 | O13: 315612.1 | P13: 59177.27 | Q13: 47341.82 | R13: 0.15 | S13: 11835.45 | T13: 0.0375
A14: - | B14: II | C14: Licencia | D14: Quincena | E14: F2 | F14: Bls | G14: 6499 | H14: 7353 | I14: 112.4745 | J14: 109.4624 | N14: 922.6958 | O14: 1534926.1 | P14: 287798.65 | Q14: 230238.92 | R14: 0.15 | S14: 57559.73 | T14: 0.0375
A15: - | B15: II-GAS | C15: Servicios | D15: Mes | E15: F1 | F15: MM BTU | G15: 18406.43 | H15: 17992.92 | I15: 2.6775 | J15: 2.6775 | N15: 983.8385 | O15: 96475.422 | P15: 18089.14 | Q15: 14471.31 | R15: 0.15 | S15: 3617.83 | T15: 0.0375
A16: - | B16: III | C16: Licencia | D16: Quincena | E16: F2 | F16: Bls | G16: 6084 | H16: 7711 | I16: 107.5241 | J16: 102.0001 | N16: 655.8932 | O16: 1440043.5 | P16: 270008.16 | Q16: 216006.52 | R16: 0.15 | S16: 54001.63 | T16: 0.0375
A17: - | B17: IV | C17: Licencia | D17: Quincena | E17: F2 | F17: Bls | G17: 29912 | H17: 30160 | I17: 107.5241 | J17: 102.0001 | N17: 1695.3138 | O17: 6290888.6 | P17: 1179541.6 | Q17: 943633.29 | R17: 0.15 | S17: 235908.32 | T17: 0.0375
A18: - | B18: III (T) | C18: Licencia | D18: Quincena | E18: F2 | F18: Bls
A19: - | B19: IV (T) | C19: Licencia | D19: Quincena | E19: F2 | F19: Bls
A20: - | B20: IV-GAS | C20: Licencia | D20: Quincena | E20: F2 | F20: Bls | G20: 3240.59 | H20: 4599.55 | I20: 10.9575 | J20: 10.9575 | O20: 85908.33 | P20: 16107.81 | Q20: 12886.25 | R20: 0.15 | S20: 3221.56 | T20: 0.0375
A21: - | B21: V | C21: Servicios | D21: Mes | E21: F1 | F21: Bls | H21: 2740 | J21: 104.642 | N21: 778.176 | O21: 285940.9 | P21: 53613.92 | Q21: 42891.14 | R21: 0.15 | S21: 10722.78 | T21: 0.0375
A22: - | B22: VII/VI | C22: Licencia | D22: Quincena | E22: F2 | F22: Bls | G22: 49542 | H22: 63337 | I22: 106.9741 | J22: 101.4501 | N22: 4724.6459 | O22: 11720531 | P22: 2197599.6 | Q22: 1758079.7 | R22: 0.15 | S22: 439519.92 | T22: 0.0375
A23: - | B23: VII | C23: Servicios | D23: Mes | E23: F1 | F23: Bls | O23: 0 | P23: 0 | Q23: 0 | R23: 0.15 | S23: 0 | T23: 0.0375
A24: - | B24: VII/VI-GAS | C24: Licencia | D24: Quincena | E24: F2 | F24: MM BTU | G24: 78135.51 | H24: 83426.5 | I24: 0.8 | J24: 0.8 | N24: 1106.1239 | O24: 128143.49 | P24: 24026.9 | Q24: 19221.52 | R24: 0.15 | S24: 4805.38 | T24: 0.0375
A25: - | B25: IX | C25: Licencia | D25: Quincena | E25: F2 | F25: Bls | G25: 2091 | H25: 2747 | I25: 107.5241 | J25: 102.0001 | N25: 383.53 | O25: 504643.63 | P25: 94620.68 | Q25: 75696.54 | R25: 0.15 | S25: 18924.14 | T25: 0.0375
A26: - | B26: X | C26: Licencia | D26: Quincena | E26: F2 | F26: Bls | G26: 177288 | H26: 187760 | I26: 107.5241 | J26: 102.0001 | N26: 5914.1443 | O26: 38208357 | P26: 7164067 | Q26: 5731253.6 | R26: 0.15 | S26: 1432813.4 | T26: 0.0375
A27: - | B27: X-GAS | C27: Licencia | D27: Mes | E27: F2 | F27: MM BTU | G27: 245814.06 | H27: 260565.77 | I27: 2.2619 | J27: 2.2619 | N27: 1167.2666 | O27: 1144213.3 | P27: 214539.99 | Q27: 171631.99 | R27: 0.15 | S27: 42908 | T27: 0.0375
A28: - | B28: XIV | C28: Licencia | D28: Mes | E28: F2 | F28: Bls | O28: 0 | P28: 0 | Q28: 0 | R28: 0.15 | S28: 0 | T28: 0.0375
A29: - | B29: XV | C29: Licencia | D29: Quincena | E29: F2 | F29: Bls | G29: 460 | H29: 425 | I29: 109.79 | J29: 108.9004 | N29: 416.8804 | O29: 96369.19 | P29: 18069.22 | Q29: 14455.38 | R29: 0.15 | S29: 3613.84 | T29: 0.0375
A30: - | B30: XIII Crudo | C30: Licencia | D30: Quincena | E30: F2 | F30: Bls | G30: 16970 | H30: 41143 | I30: 105.4441 | J30: 99.9201 | N30: 3974.2597 | O30: 5896424.8 | P30: 1105579.6 | Q30: 884463.72 | R30: 0.15 | S30: 221115.93 | T30: 0.0375
A31: - | B31: XIII COND | C31: Licencia | D31: Quincena | E31: F2 | F31: Bls | O31: 0 | P31: 0 | Q31: 0 | R31: 0.15 | S31: 0 | T31: 0.0375
A32: - | B32: XIII Gas-A | C32: Licencia | D32: Quincena | E32: F2 | F32: MM BTU | G32: 165650.16 | H32: 158800.18 | I32: 1.61 | J32: 1.61 | N32: 1650.8476 | O32: 520714.2 | P32: 97633.91 | Q32: 78107.13 | R32: 0.15 | S32: 19526.78 | T32: 0.0375
A33: - | B33: XIII Gas-B | C33: Licencia | D33: Quincena | E33: F2 | F33: MM BTU | G33: 80673.99 | H33: 119330.17 | I33: 3.7167 | J33: 3.584 | O33: 727520.35 | P33: 136410.07 | Q33: 109128.05 | R33: 0.15 | S33: 27282.01 | T33: 0.0375
A34: - | B34: XIII Gas Lantera | C34: Licencia | D34: Quincena | E34: F2 | F34: MM BTU | O34: 0 | P34: 0 | Q34: 0 | R34: 0.15 | S34: 0 | T34: 0.0375
A35: - | B35: XIII Gas Expectativa | C35: Licencia | D35: Quincena | E35: F2 | F35: MM BTU | O35: 0 | P35: 0 | Q35: 0 | R35: 0.15 | S35: 0 | T35: 0.0375
A36: - | B36: XIII Gas Paita | C36: Licencia | D36: Quincena | E36: F2 | F36: MM BTU | G36: 21258.19 | H36: 24809.69 | I36: 3.2705 | J36: 3.4106 | O36: 154140.84 | P36: 28901.41 | Q36: 23121.13 | R36: 0.15 | S36: 5780.28 | T36: 0.0375
B37: XIII Gas Efe-01 | R37: 0.15 | T37: 0.0375
A38: - | B38: XIII Gas Efe-02 | C38: Licencia | D38: Quincena | E38: F2 | F38: MM BTU | G38: 728.76 | H38: 907.37 | I38: 3 | J38: 3 | O38: 4908.39 | P38: 920.32 | Q38: 736.26 | R38: 0.15 | S38: 184.06 | T38: 0.0375
A39: - | B39: Z-2B | C39: Servicios | D39: Mes | E39: F1 | F39: Bls | H39: 166905 | J39: 112.463 | N39: 1278.4335 | O39: 18769359 | P39: 3519254.7 | Q39: 2815403.8 | R39: 0.15 | S39: 703850.95 | T39: 0.0375
A40: - | B40: Z-2B GAS | C40: Servicios | D40: Mes | E40: F1 | F40: MM BTU | H40: 181131.3 | J40: 9.9553 | N40: 1122.8004 | O40: 1802093.6 | P40: 337892.56 | Q40: 270314.04 | R40: 0.15 | S40: 67578.51 | T40: 0.0375
A41: - | B41: XX | C41: Licencia | D41: Quincena | E41: F2 | F41: Bls | G41: 159 | H41: 171 | I41: 107.5241 | J41: 102.0001 | N41: 244.5708 | O41: 34293.779 | P41: 6430.08 | Q41: 1286.02 | R41: 0.0375 | S41: 5144.07 | T41: 0.15
A42: - | B42: Z1 Crudo | C42: Licencia | D42: Quincena | E42: F2 | F42: Bls | O42: 0 | P42: 0 | Q42: 0 | R42: 0.0375 | S42: 0 | T42: 0.15
A43: - | B43: Z1 Gas | C43: Licencia | D43: Quincena | E43: F2 | F43: MM BTU | O43: 0 | P43: 0 | Q43: 0 | R43: 0.0375 | S43: 0 | T43: 0.15
A44: - | B44: Z-2B - LGN | C44: Servicios | D44: Mes | E44: F1 | F44: Bls | H44: 27307 | J44: 85.0908 | N44: 1222.8487 | O44: 2322351.6 | P44: 435440.93 | Q44: 348352.74 | R44: 0.15 | S44: 87088.19 | T44: 0.0375
A45: - | B45: Z-6 | C45: Licencia | D45: Quincena | E45: F2 | F45: MM BTU | O45: 0 | P45: 0 | Q45: 0 | R45: 0.15 | S45: 0 | T45: 0.0375
A46: - | B46: Ajustes meses anteriores (1) | O46: -15564.95 | P46: -2918.43 | Q46: -2334.74 | S46: -583.68
B47: Subtotal | C47: Piura / Tumbes US$ | O47: 93698413 | P47: 17568452 | Q47: 14050904 | S47: 3517548.5
C48: Piura / Tumbes S/. | P48: 65161390 | Q48: 52114803 | S48: 13046588
A49: Provincia Puerto Inca Huanuco | Q49: Puerto Inca
A50: - | B50: 31-D | C50: Licencia | D50: Quincena | E50: F2 | F50: Bls | O50: 0 | P50: 0 | Q50: 0 | R50: 0.15
A51: - | B51: 131 | C51: Licencia | D51: Quincena | E51: F2 | F51: Bls | G51: 19755 | H51: 23821 | I51: 105.4145 | J51: 103.1298 | N51: 4924.7479 | O51: 4534193.7 | P51: 680129.05 | Q51: 680129.05 | R51: 0.15
A52: - | B52: Ajustes meses anteriores (2) | O52: 263352.37 | P52: 39502.87 | Q52: 39502.87
B53: Subtotal | C53: Provincia Puerto Inca Huanuco US$ | O53: 4797546 | P53: 719631.92 | Q53: 719631.92 | S53: 0
C54: Provincia Puerto Inca Huanuco S/. | P54: 2669114.8 | Q54: 2669114.8 | S54: 0
A55: Loreto / Ucayali | Q55: Loreto | S55: Ucayali
A56: - | B56: 31-E | C56: Licencia | D56: Mes | E56: F2 | F56: Bls | O56: 0 | P56: 0 | Q56: 0 | R56: 0.15 | S56: 0 | T56: 0.0375
A57: - | B57: 192 | C57: Servicios | D57: Mes | E57: F1 | F57: Bls | O57: 0 | P57: 0 | Q57: 0 | R57: 0.15 | S57: 0 | T57: 0.0375
A58: - | B58: 8 | C58: Licencia | D58: Quincena | E58: F2 | F58: Bls | O58: 0 | P58: 0 | Q58: 0 | R58: 0.15 | S58: 0 | T58: 0.0375
A59: - | B59: 8 - Crudo Corrientes | C59: Licencia | D59: Quincena | E59: F2 | F59: Bls | O59: 0 | P59: 0 | Q59: 0 | R59: 0.15 | S59: 0 | T59: 0.0375
A60: - | B60: 31-B | C60: Licencia | D60: Quincena | E60: F2 | F60: Bls | O60: 0 | P60: 0 | Q60: 0 | R60: 0.15 | S60: 0 | T60: 0.0375
A61: - | B61: 31-C GAS | C61: Licencia | D61: Quincena | E61: F2 | F61: MM BTU | G61: 84292.93 | H61: 44464.23 | I61: 3.6574 | J61: 3.6583 | N61: 616.9823 | O61: 470339.47 | P61: 88188.65 | Q61: 17637.73 | R61: 0.0375 | S61: 70550.92 | T61: 0.15
A62: - | B62: 31-C LGN (*) | C62: Licencia | D62: Quincena | E62: F3 | F62: Bls | G62: 4003 | H62: 3607 | I62: 81.5351 | J62: 83.4281 | N62: 2795.8798 | O62: 624514.29 | P62: 117096.43 | Q62: 23419.29 | R62: 0.0375 | S62: 93677.14 | T62: 0.15
A63: - | B63: 31-C COND | C63: Licencia | D63: Quincena | E63: F2 | F63: Bls | O63: 0 | P63: 0 | Q63: 0 | R63: 0.0375 | S63: 0 | T63: 0.15
A64: - | B64: 102 | C64: Licencia | D64: Quincena | E64: F2 | F64: Bls | O64: 0 | P64: 0 | Q64: 0 | R64: 0.15 | S64: 0 | T64: 0.0375
A65: - | B65: 95 | C65: Licencia | D65: Quincena | E65: F2 | F65: Bls | N65: 6592.2639 | O65: -6592.2639 | P65: -1236.05 | Q65: -988.84 | R65: 0.15 | S65: -247.21 | T65: 0.0375
A66: - | B66: 67 | C66: Licencia | D66: Quincena | E66: F2 | F66: Bls | G66: 28475 | H66: 9751 | I66: 71.6768 | J66: 70.5082 | N66: 4563.4523 | O66: 2723958.9 | P66: 510742.29 | Q66: 408593.83 | R66: 0.15 | S66: 102148.46 | T66: 0.0375
A67: - | B67: Ajustes meses anteriores (3)
B68: Subtotal | C68: Loreto / Ucayali US$ | O68: 3812220.4 | P68: 714791.32 | Q68: 448662.01 | S68: 266129.31
C69: Loreto / Ucayali S/. | P69: 2651161 | Q69: 1664087.4 | S69: 987073.61
A70: Cusco | P70: V. Regalías | Q70: Cusco
A71: - | B71: 88 LGN | C71: Licencia | D71: Quincena | E71: F4 | F71: Bls | G71: 790321 | H71: 857917 | I71: 77.7367 | J71: 78.39 | O71: 1.2868906e+08 | P71: 47923806 | Q71: 23961903 | R71: 0.5
A72: - | B72: 88 GAS | C72: Licencia | D72: Quincena | E72: F4 | F72: MM BTU | G72: 9056618.1 | H72: 9638629 | I72: 2.3657 | J72: 2.3657 | O72: 44227346 | P72: 16470264 | Q72: 8235131.8 | R72: 0.5
A73: - | B73: 88 GAS -Mlocal | C73: Licencia | D73: Quincena | E73: F4 | F73: MM BTU | G73: 29851.94 | H73: 25910.58 | I73: 3.0813 | J73: 3.0813 | O73: 171821.05 | P73: 63986.16 | Q73: 31993.08 | R73: 0.5
A74: - | B74: 88 GAS -PM | C74: Licencia | D74: Quincena | E74: F4 | F74: MM BTU | G74: 883928.63 | H74: 974149.08 | I74: 25.192 | J74: 18.529 | O74: 40317938 | P74: 15320817 | Q74: 7660408.3 | R74: 0.5
A75: - | B75: 56 LGN | C75: Licencia | D75: Quincena | E75: F4 | F75: Bls | G75: 260378 | H75: 277517 | I75: 77.6906 | J75: 78.2924 | O75: 41956395 | P75: 16782558 | Q75: 8391279 | R75: 0.5
A76: - | B76: 56 GAS | C76: Licencia | D76: Quincena | E76: F4 | F76: MM BTU | G76: 6640774.6 | H76: 5929196.7 | I76: 25.192 | J76: 18.529 | O76: 2.7715648e+08 | P76: 1.0531946e+08 | Q76: 52659731 | R76: 0.5
A77: - | B77: 56 GAS-Mlocal | C77: Licencia | D77: Quincena | E77: F4 | F77: MM BTU | G77: 278705.17 | H77: 241885.1 | I77: 2.0711 | J77: 2.0711 | O77: 1078194.5 | P77: 401519.63 | Q77: 200759.82 | R77: 0.5
A78: - | B78: 57 LGN | C78: Licencia | D78: Quincena | E78: F4 | F78: Bls | G78: 216527 | H78: 182653 | I78: 71.1012 | J78: 69.5018 | O78: 28090042 | P78: 1762109.1 | Q78: 881054.55 | R78: 0.5
A79: - | B79: 57 GAS | C79: Licencia | D79: Quincena | E79: F4 | F79: MM BTU | G79: 3388040.5 | H79: 2891509.6 | I79: 13.675 | J79: 13.675 | O79: 85872848 | P79: 8254138.8 | Q79: 4127069.4 | R79: 0.5
A80: - | B80: Ajustes meses anteriores (4) | O80: 3905256.4 | P80: 1075762.2 | Q80: 537881.08
B81: Subtotal | C81: Cusco US$ | O81: 6.5146538e+08 | P81: 2.1337442e+08 | Q81: 1.0668721e+08
C82: Cusco S/. | Q82: 3.9570287e+08
A83: Total General | M83: 0 | N83: 49091.848 | O83: 7.5377356e+08 | P83: 1.2569009e+08 | Q83: 4.6618453e+08
A85: (*) | B85: Determinación de Canasta de los Líquidos de Gas Natural (VLGNF)
B86: Simbolo | C86: Descripcion | E86: 1ra. Q | F86: 2da. Q | H86: 1ra. Q
B87: VC | C87: Canasta de Petróleo | E87: 115.7703 | F87: 113.2048 | H87: = (115.7703 * 53.89% + (76.5879 - 21.2630 - 0.0000) * (1 - 53.89%)) | M87: 0.0622
B88: PB | C88: Precio del GLP | E88: 76.5879 | F88: 77.8771 | H88: 81.535112 | M88: 0.0942
B89: TF | C89: Tarifa de Fraccionam. | E89: 21.263 | F89: 21.263 | M89: 0.4
B90: %P | C90: % Contenido Pentanos | E90: 0.5389 | F90: 0.594 | H90: 2da. Q | M90: 0.38
B91: QLGNF | C91: Volumen de LGN | H91: = (113.2048 * 59.40% + (77.8771 - 21.2630 - 0.0000) * (1 - 59.40%))
B92: TT | C92: Tarifa de Transporte | E92: 0 | F92: 0 | H92: 83.428143

Sheet Abr
A1: Período de Cálculo: | E1: 44652 | F1: 3.772
A2: PERUPETRO S.A.
A3: DETERMINACION DEL CANON, SOBRECANON y PARTICIPACION (US$)
A4: Correspondiente a Abril 2022
A5: Tipo de Cambio= 3.772
A7: Localidad | C7: Modalidad de Contrato | D7: Calculo del Canon | F7: Volumen Producción / Venta | I7: Canasta o Valor Venta (US$/Unidad) | K7: Deducción de Gastos para determinación de valor de producción en Punto de Fiscalización (US$) | O7: Valor de la Producción (US$) | P7: Canon y Sobrecanon / Participación (US$)
A8: - Lote | D8: Período | E8: Fórmula | F8: Unidades | G8: 1ra. Q | H8: 2da. Q / Mes | I8: 1ra. Q | J8: 2da. Q / Mes | K8: Flete Marítimo | L8: Comercialización | M8: Oleoducto | N8: Fiscalización | P8: Total | Q8: Localidad 1 | S8: Localidad 2
A9: Piura / Tumbes | Q9: Piura | S9: Tumbes
A10: - | B10: I | C10: Servicios | D10: Mes | E10: F1 | F10: Bls | O10: 0 | P10: 0 | Q10: 0 | R10: 0.15 | S10: 0 | T10: 0.0375
A11: - | B11: I GAS | C11: Servicios | D11: Mes | E11: F1 | F11: MM BTU | O11: 0 | P11: 0 | Q11: 0 | R11: 0.15 | S11: 0 | T11: 0.0375
A12: - | B12: I (T) | C12: Licencia | D12: Quincena | E12: F1 | F12: Bls | G12: 5274 | H12: 10117 | I12: 90.6453 | J12: 91.8196 | N12: 409.18 | O12: 1406593 | P12: 263736.19 | Q12: 210988.95 | R12: 0.15 | S12: 52747.24 | T12: 0.0375
A13: - | B13: I GAS (T) | C13: Licencia | D13: Quincena | E13: F1 | F13: MM BTU | G13: 51146.02 | H13: 50668.5 | I13: 3 | J13: 3 | N13: 1150.83 | O13: 304292.73 | P13: 57054.89 | Q13: 45643.91 | R13: 0.15 | S13: 11410.98 | T13: 0.0375
A14: - | B14: II | C14: Licencia | D14: Quincena | E14: F2 | F14: Bls | G14: 6862 | H14: 7519 | I14: 102.6472 | J14: 104.6102 | N14: 1061.321 | O14: 1489867.9 | P14: 279350.22 | Q14: 223480.18 | R14: 0.15 | S14: 55870.04 | T14: 0.0375
A15: - | B15: II-GAS | C15: Servicios | D15: Mes | E15: F1 | F15: MM BTU | G15: 14960.26 | H15: 19748.05 | I15: 2.6775 | J15: 2.6775 | N15: 1131.6493 | O15: 91799.851 | P15: 17212.47 | Q15: 13769.98 | R15: 0.15 | S15: 3442.49 | T15: 0.0375
A16: - | B16: III | C16: Licencia | D16: Quincena | E16: F2 | F16: Bls | G16: 3487 | H16: 6701 | I16: 90.6453 | J16: 91.8196 | N16: 754.432 | O16: 930608.87 | P16: 174489.16 | Q16: 139591.33 | R16: 0.15 | S16: 34897.83 | T16: 0.0375
A17: - | B17: IV | C17: Licencia | D17: Quincena | E17: F2 | F17: Bls | G17: 29703 | H17: 30424 | I17: 90.6453 | J17: 91.8196 | N17: 1950.0182 | O17: 5484006.8 | P17: 1028251.3 | Q17: 822601.03 | R17: 0.15 | S17: 205650.26 | T17: 0.0375
A18: - | B18: III (T) | C18: Licencia | D18: Quincena | E18: F2 | F18: Bls | H18: 3149 | J18: 90.1653 | O18: 283930.53 | P18: 53236.97 | Q18: 42589.58 | R18: 0.15 | S18: 10647.39 | T18: 0.0375
A19: - | B19: IV (T) | C19: Licencia | D19: Quincena | E19: F2 | F19: Bls | H19: 1297 | J19: 101.5201 | O19: 131671.57 | P19: 24688.42 | Q19: 19750.74 | R19: 0.15 | S19: 4937.68 | T19: 0.0375
A20: - | B20: IV-GAS | C20: Licencia | D20: Quincena | E20: F2 | F20: Bls | G20: 32143.78 | H20: 31410.17 | I20: 12.5103 | J20: 12.5103 | O20: 795078.98 | P20: 149077.31 | Q20: 119261.85 | R20: 0.15 | S20: 29815.46 | T20: 0.0375
A21: - | B21: V | C21: Servicios | D21: Mes | E21: F1 | F21: Bls | H21: 3761 | J21: 91.2016 | N21: 895.0912 | O21: 342114.13 | P21: 64146.4 | Q21: 51317.12 | R21: 0.15 | S21: 12829.28 | T21: 0.0375
A22: - | B22: VII/VI | C22: Licencia | D22: Quincena | E22: F2 | F22: Bls | G22: 49608 | H22: 61686 | I22: 90.0953 | J22: 91.2696 | N22: 5434.4815 | O22: 10094070 | P22: 1892638.1 | Q22: 1514110.5 | R22: 0.15 | S22: 378527.61 | T22: 0.0375
A23: - | B23: VII | C23: Servicios | D23: Mes | E23: F1 | F23: Bls | O23: 0 | P23: 0 | Q23: 0 | R23: 0.15 | S23: 0 | T23: 0.0375
A24: - | B24: VII/VI-GAS | C24: Licencia | D24: Quincena | E24: F2 | F24: MM BTU | G24: 70506.21 | H24: 77681.18 | I24: 0.8 | J24: 0.8 | N24: 1272.3085 | O24: 117277.6 | P24: 21989.55 | Q24: 17591.64 | R24: 0.15 | S24: 4397.91 | T24: 0.0375
A25: - | B25: IX | C25: Licencia | D25: Quincena | E25: F2 | F25: Bls | G25: 2079 | H25: 2522 | I25: 90.6453 | J25: 91.8196 | N25: 441.1516 | O25: 419579.46 | P25: 78671.15 | Q25: 62936.92 | R25: 0.15 | S25: 15734.23 | T25: 0.0375
A26: - | B26: X | C26: Licencia | D26: Quincena | E26: F2 | F26: Bls | G26: 175665 | H26: 171678 | I26: 90.6453 | J26: 91.8196 | N26: 6802.6915 | O26: 31679809 | P26: 5939964.2 | Q26: 4751971.4 | R26: 0.15 | S26: 1187992.9 | T26: 0.0375
A27: - | B27: X-GAS | C27: Licencia | D27: Mes | E27: F2 | F27: MM BTU | G27: 246240.45 | H27: 247734.71 | I27: 2.3274 | J27: 2.3274 | N27: 1342.6368 | O27: 1148335.1 | P27: 215312.84 | Q27: 172250.27 | R27: 0.15 | S27: 43062.57 | T27: 0.0375
A28: - | B28: XIV | C28: Licencia | D28: Mes | E28: F2 | F28: Bls | O28: 0 | P28: 0 | Q28: 0 | R28: 0.15 | S28: 0 | T28: 0.0375
A29: - | B29: XV | C29: Licencia | D29: Quincena | E29: F2 | F29: Bls | G29: 456 | H29: 415 | I29: 102.8385 | J29: 104.9242 | N29: 479.5128 | O29: 89958.387 | P29: 16867.2 | Q29: 13493.76 | R29: 0.15 | S29: 3373.44 | T29: 0.0375
A30: - | B30: XIII Crudo | C30: Licencia | D30: Quincena | E30: F2 | F30: Bls | G30: 31482 | H30: 43287 | I30: 88.7453 | J30: 89.9196 | N30: 4571.3601 | O30: 6681657.9 | P30: 1252810.9 | Q30: 1002248.7 | R30: 0.15 | S30: 250562.17 | T30: 0.0375
A31: - | B31: XIII COND | C31: Licencia | D31: Quincena | E31: F2 | F31: Bls | O31: 0 | P31: 0 | Q31: 0 | R31: 0.15 | S31: 0 | T31: 0.0375
A32: - | B32: XIII Gas - A | C32: Licencia | D32: Quincena | E32: F2 | F32: MM BTU | G32: 160804.44 | H32: 164798.6 | I32: 1.61 | J32: 1.61 | N32: 1898.8692 | O32: 522322.03 | P32: 97935.38 | Q32: 78348.3 | R32: 0.15 | S32: 19587.08 | T32: 0.0375
A33: - | B33: XIII Gas - B | C33: Licencia | D33: Quincena | E33: F2 | F33: MM BTU | G33: 93348.49 | H33: 87836.3 | I33: 3.5889 | J33: 3.6594 | O33: 656446.56 | P33: 123083.73 | Q33: 98466.98 | R33: 0.15 | S33: 24616.75 | T33: 0.0375
A34: - | B34: XIII Gas Lantera | C34: Licencia | D34: Quincena | E34: F2 | F34: MM BTU | O34: 0 | P34: 0 | Q34: 0 | R34: 0.15 | S34: 0 | T34: 0.0375
A35: - | B35: XIII Gas Expectativa | C35: Licencia | D35: Quincena | E35: F2 | F35: MM BTU | O35: 0 | P35: 0 | Q35: 0 | R35: 0.15 | S35: 0 | T35: 0.0375
A36: - | B36: XIII Gas Paita | C36: Licencia | D36: Quincena | E36: F2 | F36: MM BTU | G36: 21410.95 | H36: 19263.65 | I36: 3.4 | J36: 3.397 | O36: 138235.85 | P36: 25919.22 | Q36: 20735.38 | R36: 0.15 | S36: 5183.84 | T36: 0.0375
A37: - | B37: XIII Gas Efe-01 | C37: Licencia | D37: Quincena | E37: F2 | F37: MM BTU | G37: 348.32 | I37: 2.3 | O37: 801.14 | P37: 150.21 | Q37: 120.17 | R37: 0.15 | S37: 30.04 | T37: 0.0375
A38: - | B38: XIII Gas Efe-02 | C38: Licencia | D38: Quincena | E38: F2 | F38: MM BTU | G38: 896.44 | H38: 997.3669 | I38: 3 | J38: 3 | O38: 5681.42 | P38: 1065.27 | Q38: 852.21 | R38: 0.15 | S38: 213.05 | T38: 0.0375
A39: - | B39: Z-2B | C39: Servicios | D39: Mes | E39: F1 | F39: Bls | H39: 160288 | J39: 105.917 | N39: 1470.5055 | O39: 16975754 | P39: 3182953.8 | Q39: 2546363 | R39: 0.15 | S39: 636590.76 | T39: 0.0375
A40: - | B40: Z-2B GAS | C40: Servicios | D40: Mes | E40: F1 | F40: MM BTU | H40: 331873.65 | J40: 9.3633 | N40: 1291.4878 | O40: 3106141.1 | P40: 582401.45 | Q40: 465921.16 | R40: 0.15 | S40: 116480.29 | T40: 0.0375
A41: - | B41: XX | C41: Licencia | D41: Quincena | E41: F2 | F41: Bls | G41: 151 | H41: 149 | I41: 90.6453 | J41: 91.8196 | N41: 281.3158 | O41: 27087.244 | P41: 5078.86 | Q41: 1015.77 | R41: 0.0375 | S41: 4063.09 | T41: 0.15
A42: - | B42: Z1 Crudo | C42: Licencia | D42: Quincena | E42: F2 | F42: Bls | O42: 0 | P42: 0 | Q42: 0 | R42: 0.0375 | S42: 0 | T42: 0.15
A43: - | B43: Z1 Gas | C43: Licencia | D43: Quincena | E43: F2 | F43: MM BTU | O43: 0 | P43: 0 | Q43: 0 | R43: 0.0375 | S43: 0 | T43: 0.15
A44: - | B44: Z-2B - LGN | C44: Servicios | D44: Mes | E44: F1 | F44: Bls | H44: 18906 | J44: 92.9457 | N44: 1406.5737 | O44: 1755824.8 | P44: 329217.15 | Q44: 263373.72 | R44: 0.15 | S44: 65843.43 | T44: 0.0375
A45: - | B45: Z-6 | C45: Licencia | D45: Quincena | E45: F2 | F45: MM BTU | O45: 0 | P45: 0 | Q45: 0 | R45: 0.15 | S45: 0 | T45: 0.0375
A46: - | B46: Ajustes meses anteriores (1) | O46: -83931.96 | P46: -15737.24 | Q46: -12589.79 | S46: -3147.45
B47: Subtotal | C47: Piura / Tumbes US$ | O47: 84595014 | P47: 15861565 | Q47: 12686205 | S47: 3175360.3
C48: Piura / Tumbes S/. | P48: 59829823 | Q48: 47852364 | S48: 11977459
A49: Provincia Puerto Inca Huanuco | Q49: Puerto Inca
A50: - | B50: 31-D | C50: Licencia | D50: Quincena | E50: F2 | F50: Bls | O50: 0 | P50: 0 | Q50: 0 | R50: 0.15
A51: - | B51: 131 | C51: Licencia | D51: Quincena | E51: F2 | F51: Bls | G51: 17800 | H51: 22935 | I51: 94.267 | J51: 95.3893 | N51: 5664.6483 | O51: 3860041.6 | P51: 579006.23 | Q51: 579006.23 | R51: 0.15
A52: - | B52: Ajustes meses anteriores (2)
B53: Subtotal | C53: Provincia Puerto Inca Huanuco US$ | O53: 3860041.6 | P53: 579006.23 | Q53: 579006.23 | S53: 0
C54: Provincia Puerto Inca Huanuco S/. | P54: 2184011.5 | Q54: 2184011.5 | S54: 0
A55: Loreto / Ucayali | Q55: Loreto | S55: Ucayali
A56: - | B56: 31-E | C56: Licencia | D56: Mes | E56: F2 | F56: Bls | O56: 0 | P56: 0 | Q56: 0 | R56: 0.15 | S56: 0 | T56: 0.0375
A57: - | B57: 192 | C57: Servicios | D57: Mes | E57: F1 | F57: Bls | O57: 0 | P57: 0 | Q57: 0 | R57: 0.15 | S57: 0 | T57: 0.0375
A58: - | B58: 8 | C58: Licencia | D58: Quincena | E58: F2 | F58: Bls | O58: 0 | P58: 0 | Q58: 0 | R58: 0.15 | S58: 0 | T58: 0.0375
A59: - | B59: 8 - Crudo Corrientes | C59: Licencia | D59: Quincena | E59: F2 | F59: Bls | O59: 0 | P59: 0 | Q59: 0 | R59: 0.15 | S59: 0 | T59: 0.0375
A60: - | B60: 31-B | C60: Licencia | D60: Quincena | E60: F2 | F60: Bls | O60: 0 | P60: 0 | Q60: 0 | R60: 0.15 | S60: 0 | T60: 0.0375
A61: - | B61: 31-C GAS | C61: Licencia | D61: Quincena | E61: F2 | F61: MM BTU | G61: 66124.46 | H61: 81903.15 | I61: 3.6594 | J61: 3.6608 | N61: 709.68 | O61: 541097.22 | P61: 101455.73 | Q61: 20291.15 | R61: 0.0375 | S61: 81164.58 | T61: 0.15
A62: - | B62: 31-C LGN (*) | C62: Licencia | D62: Quincena | E62: F3 | F62: Bls | G62: 3581 | H62: 3549 | I62: 73.0414 | J62: 70.7821 | N62: 3215.94 | O62: 509550.98 | P62: 95540.81 | Q62: 19108.16 | R62: 0.0375 | S62: 76432.65 | T62: 0.15
A63: - | B63: 31-C COND | C63: Licencia | D63: Quincena | E63: F2 | F63: Bls | O63: 0 | P63: 0 | Q63: 0 | R63: 0.0375 | S63: 0 | T63: 0.15
A64: - | B64: 102 | C64: Licencia | D64: Quincena | E64: F2 | F64: Bls | O64: 0 | P64: 0 | Q64: 0 | R64: 0.15 | S64: 0 | T64: 0.0375
A65: - | B65: 95 | C65: Licencia | D65: Quincena | E65: F2 | F65: Bls | G65: 147593 | H65: 262201 | I65: 86.6175 | J65: 89.2888 | N65: 7582.69 | O65: 36188167 | P65: 6785281.2 | Q65: 5428225 | R65: 0.15 | S65: 1357056.2 | T65: 0.0375
A66: - | B66: 67 | C66: Licencia | D66: Quincena | E66: F2 | F66: Bls | N66: 5249.07 | O66: -5249.07 | P66: -984.2 | Q66: -787.36 | R66: 0.15 | S66: -196.84 | T66: 0.0375
A67: - | B67: Ajustes meses anteriores (3)
B68: Subtotal | C68: Loreto / Ucayali US$ | O68: 37233566 | P68: 6981293.6 | Q68: 5466836.9 | S68: 1514456.6
C69: Loreto / Ucayali S/. | P69: 26333439 | Q69: 20620909 | S69: 5712530.5
A70: Cusco | P70: V. Regalías | Q70: Cusco
A71: - | B71: 88 LGN | C71: Licencia | D71: Quincena | E71: F4 | F71: Bls | G71: 772474 | H71: 774601 | I71: 72.2075 | J71: 72.3204 | O71: 1.1179787e+08 | P71: 41633527 | Q71: 20816763 | R71: 0.5
A72: - | B72: 88 GAS | C72: Licencia | D72: Quincena | E72: F4 | F72: MM BTU | G72: 8347790.9 | H72: 9163368 | I72: 2.3816 | J72: 2.3816 | O72: 41704576 | P72: 15530784 | Q72: 7765392 | R72: 0.5
A73: - | B73: 88 GAS -Mlocal | C73: Licencia | D73: Quincena | E73: F4 | F73: MM BTU | G73: 32532.18 | H73: 20676.26 | I73: 3.093 | J73: 3.093 | O73: 164573.7 | P73: 61287.25 | Q73: 30643.63 | R73: 0.5
A74: - | B74: 88 GAS -PM | C74: Licencia | D74: Quincena | E74: F4 | F74: MM BTU | G74: 909094.62 | H74: 893198.48 | I74: 13.95 | J74: 10.768 | O74: 22299831 | P74: 8473935.8 | Q74: 4236967.9 | R74: 0.5
A75: - | B75: 56 LGN | C75: Licencia | D75: Quincena | E75: F4 | F75: Bls | G75: 235483 | H75: 314107 | I75: 72.2044 | J75: 72.2984 | O75: 39712342 | P75: 15884937 | Q75: 7942468.5 | R75: 0.5
A76: - | B76: 56 GAS | C76: Licencia | D76: Quincena | E76: F4 | F76: MM BTU | G76: 6004894.3 | H76: 7400022.6 | I76: 13.95 | J76: 10.768 | O76: 1.6345172e+08 | P76: 62111653 | Q76: 31055827 | R76: 0.5
A77: - | B77: 56 GAS-Mlocal | C77: Licencia | D77: Quincena | E77: F4 | F77: MM BTU | G77: 273811.46 | H77: 269281.63 | I77: 2.0871 | J77: 2.0871 | O77: 1133489.6 | P77: 422111.52 | Q77: 211055.76 | R77: 0.5
A78: - | B78: 57 LGN | C78: Licencia | D78: Quincena | E78: F4 | F78: Bls | G78: 243606 | H78: 143158 | I78: 63.0806 | J78: 61.9031 | O78: 24228737 | P78: 1556983.4 | Q78: 778491.69 | R78: 0.5
A79: - | B79: 57 GAS | C79: Licencia | D79: Quincena | E79: F4 | F79: MM BTU | G79: 3857989.7 | H79: 2300150.8 | I79: 21.611 | J79: 21.611 | O79: 1.3308357e+08 | P79: 13403054 | Q79: 6701527.1 | R79: 0.5
A80: - | B80: Ajustes meses anteriores (4) | O80: 43503683 | P80: 2375338.2 | Q80: 1187669.1
B81: Subtotal | C81: Cusco US$ | O81: 5.810804e+08 | P81: 1.6145361e+08 | Q81: 80726806
C82: Cusco S/. | Q82: 3.0450151e+08
A83: Total General | N83: 0 | O83: 7.0676902e+08 | P83: 1.0414867e+08 | Q83: 3.9284879e+08
A85: (*) | B85: Determinación de Canasta de los Líquidos de Gas Natural (VLGNF) | H85: = ( VC * %P + (PB - TF - TT) * (1 - %P)) | O85: 3.0994382e+08
B86: Simbolo | C86: Descripcion | E86: 1ra. Q | F86: 2da. Q | H86: 1ra. Q | O86: -3.9682519e+08
B87: VC | C87: Canasta de Petróleo | E87: 103.323 | F87: 104.5926 | H87: = (103.3230 * 56.25% + (68.3100 - 21.2630 - 0.0000) * (1 - 56.25%)) | M87: 0.0622 | N87: 0.064199999
B88: PB | C88: Precio del GLP | E88: 68.31 | F88: 64.1201 | H88: 73.041371 | M88: 0.0942 | N88: 0.0989
B89: TF | C89: Tarifa de Fraccionam. | E89: 21.263 | F89: 21.263 | M89: 0.4 | N89: 0.4
B90: %P | C90: % Contenido Pentanos | E90: 0.5625 | F90: 0.5423 | H90: 2da. Q | M90: 0.38
B91: QLGNF | C91: Volumen de LGN | H91: = (104.5926 * 54.23% + (64.1201 - 21.2630 - 0.0000) * (1 - 54.23%))
B92: TT | C92: Tarifa de Transporte | H92: 70.782143
A94: (*) Crudo Garantia de Interoil

Sheet May
A1: Período de Cálculo: | E1: 44682 | F1: 3.728
A2: PERUPETRO S.A.
A3: DETERMINACION DEL CANON, SOBRECANON y PARTICIPACION (US$)
A4: Correspondiente a Mayo 2022
A5: Tipo de Cambio= 3.728
A7: Localidad | C7: Modalidad de Contrato | D7: Calculo del Canon | F7: Volumen Producción / Venta | I7: Canasta o Valor Venta (US$/Unidad) | K7: Deducción de Gastos para determinación de valor de producción en Punto de Fiscalización (US$) | O7: Valor de la Producción (US$) | P7: Canon y Sobrecanon / Participación (US$)
A8: - Lote | D8: Período | E8: Fórmula | F8: Unidades | G8: 1ra. Q | H8: 2da. Q / Mes | I8: 1ra. Q | J8: 2da. Q / Mes | K8: Flete Marítimo | L8: Comercialización | M8: Oleoducto | N8: Fiscalización | P8: Total | Q8: Localidad 1 | S8: Localidad 2
A9: Piura / Tumbes | Q9: Piura | S9: Tumbes
A10: - | B10: I | C10: Servicios | D10: Mes | E10: F1 | F10: Bls | O10: 0 | P10: 0 | Q10: 0 | R10: 0.15 | S10: 0 | T10: 0.0375
A11: - | B11: I GAS | C11: Servicios | D11: Mes | E11: F1 | F11: MM BTU | O11: 0 | P11: 0 | Q11: 0 | R11: 0.15 | S11: 0 | T11: 0.0375
A12: - | B12: I (T) | C12: Licencia | D12: Quincena | E12: F1 | F12: Bls | G12: 5302 | H12: 10459 | I12: 95.3171 | J12: 101.63 | N12: 345.3493 | O12: 1567974.1 | P12: 293995.14 | Q12: 235196.11 | R12: 0.15 | S12: 58799.03 | T12: 0.0375
A13: - | B13: I GAS (T) | C13: Licencia | D13: Quincena | E13: F1 | F13: MM BTU | G13: 51905.16 | H13: 54127.44 | I13: 3 | J13: 3 | N13: 971.2948 | O13: 317126.51 | P13: 59461.22 | Q13: 47568.98 | R13: 0.15 | S13: 11892.24 | T13: 0.0375
A14: - | B14: II | C14: Licencia | D14: Quincena | E14: F2 | F14: Bls | G14: 6160 | H14: 6575 | I14: 107.4261 | J14: 112.1093 | N14: 895.7513 | O14: 1397967.7 | P14: 262118.94 | Q14: 209695.15 | R14: 0.15 | S14: 52423.79 | T14: 0.0375
A15: - | B15: II-GAS | C15: Servicios | D15: Mes | E15: F1 | F15: MM BTU | G15: 36706.9 | H15: 42658.01 | I15: 2.6775 | J15: 2.6775 | N15: 955.1093 | O15: 211544.43 | P15: 39664.58 | Q15: 31731.66 | R15: 0.15 | S15: 7932.92 | T15: 0.0375
A16: - | B16: III | C16: Licencia | D16: Quincena | E16: F2 | F16: Bls | G16: 6500 | H16: 7956 | I16: 95.3171 | J16: 101.63 | N16: 636.7386 | O16: 1427492.7 | P16: 267654.88 | Q16: 214123.9 | R16: 0.15 | S16: 53530.98 | T16: 0.0375
A17: - | B17: IV | C17: Licencia | D17: Quincena | E17: F2 | F17: Bls | G17: 31685 | H17: 35935 | I17: 95.3171 | J17: 101.63 | N17: 1645.8079 | O17: 6670550.6 | P17: 1250728.2 | Q17: 1000582.6 | R17: 0.15 | S17: 250145.65 | T17: 0.0375
A18: - | B18: III (T) | C18: Licencia | D18: Quincena | E18: F2 | F18: Bls | R18: 0.15 | T18: 0.0375
A19: - | B19: IV (T) | C19: Licencia | D19: Quincena | E19: F2 | F19: Bls | R19: 0.15 | T19: 0.0375
A20: - | B20: IV-GAS | C20: Licencia | D20: Quincena | E20: F2 | F20: Bls | G20: 33719.55 | H20: 48700.62 | I20: 4.5181 | J20: 4.5181 | O20: 372382.57 | P20: 69821.73 | Q20: 55857.39 | R20: 0.15 | S20: 13964.35 | T20: 0.0375
A21: - | B21: V | C21: Servicios | D21: Mes | E21: F1 | F21: Bls | H21: 4255 | J21: 98.9719 | N21: 755.4518 | O21: 420369.98 | P21: 78819.37 | Q21: 63055.5 | R21: 0.15 | S21: 15763.87 | T21: 0.0375
A22: - | B22: VII/VI | C22: Licencia | D22: Quincena | E22: F2 | F22: Bls | G22: 50318 | H22: 65226 | I22: 94.7671 | J22: 101.08 | N22: 4586.6766 | O22: 11356948 | P22: 2129427.8 | Q22: 1703542.2 | R22: 0.15 | S22: 425885.56 | T22: 0.0375
A23: - | B23: VII | C23: Servicios | D23: Mes | E23: F1 | F23: Bls | O23: 0 | P23: 0 | Q23: 0 | R23: 0.15 | S23: 0 | T23: 0.0375
A24: - | B24: VII/VI-GAS | C24: Licencia | D24: Quincena | E24: F2 | F24: MM BTU | G24: 75957.01 | H24: 84035.1 | I24: 0.8 | J24: 0.8 | N24: 1073.8225 | O24: 126919.87 | P24: 23797.48 | Q24: 19037.98 | R24: 0.15 | S24: 4759.5 | T24: 0.0375
A25: - | B25: IX | C25: Licencia | D25: Quincena | E25: F2 | F25: Bls | G25: 2063 | H25: 2671 | I25: 95.3171 | J25: 101.63 | N25: 372.3307 | O25: 467720.58 | P25: 87697.61 | Q25: 70158.09 | R25: 0.15 | S25: 17539.52 | T25: 0.0375
A26: - | B26: X | C26: Licencia | D26: Quincena | E26: F2 | F26: Bls | G26: 170657 | H26: 181222 | I26: 95.3171 | J26: 101.63 | N26: 5741.4405 | O26: 34678381 | P26: 6502196.4 | Q26: 5201757.1 | R26: 0.15 | S26: 1300439.3 | T26: 0.0375
A27: - | B27: X-GAS | C27: Licencia | D27: Mes | E27: F2 | F27: MM BTU | G27: 252146.13 | H27: 263478.45 | I27: 2.4748 | J27: 2.4748 | N27: 1133.1805 | O27: 1274934.5 | P27: 239050.22 | Q27: 191240.18 | R27: 0.15 | S27: 47810.04 | T27: 0.0375
A28: - | B28: XIV | C28: Licencia | D28: Mes | E28: F2 | F28: Bls | O28: 0 | P28: 0 | Q28: 0 | R28: 0.15 | S28: 0 | T28: 0.0375
A29: - | B29: XV | C29: Licencia | D29: Quincena | E29: F2 | F29: Bls | G29: 420 | H29: 469 | I29: 106.9382 | J29: 111.7698 | N29: 404.7073 | O29: 96929.373 | P29: 18174.26 | Q29: 14539.41 | R29: 0.15 | S29: 3634.85 | T29: 0.0375
A30: - | B30: XIII Crudo | C30: Licencia | D30: Quincena | E30: F2 | F30: Bls | G30: 30675 | H30: 43364 | I30: 93.3471 | J30: 99.66 | N30: 3858.2034 | O30: 7181220.3 | P30: 1346478.8 | Q30: 1077183.1 | R30: 0.15 | S30: 269295.76 | T30: 0.0375
A31: - | B31: XIII COND | C31: Licencia | D31: Quincena | E31: F2 | F31: Bls | O31: 0 | P31: 0 | Q31: 0 | R31: 0.15 | S31: 0 | T31: 0.0375
A32: - | B32: XIII Gas - A | C32: Licencia | D32: Quincena | E32: F2 | F32: MM BTU | G32: 160977.09 | H32: 178576.12 | I32: 1.61 | J32: 1.61 | N32: 1602.6409 | O32: 545078.04 | P32: 102202.13 | Q32: 81761.71 | R32: 0.15 | S32: 20440.43 | T32: 0.0375
A33: - | B33: XIII Gas - B | C33: Licencia | D33: Quincena | E33: F2 | F33: MM BTU | G33: 57251.251 | H33: 89598.703 | I33: 3.6642 | J33: 3.62 | O33: 534127.34 | P33: 100148.88 | Q33: 80119.1 | R33: 0.15 | S33: 20029.78 | T33: 0.0375
A34: - | B34: XIII Gas Lantera | C34: Licencia | D34: Quincena | E34: F2 | F34: MM BTU | O34: 0 | P34: 0 | Q34: 0 | R34: 0.15 | S34: 0 | T34: 0.0375
A35: - | B35: XIII Gas Expectativa | C35: Licencia | D35: Quincena | E35: F2 | F35: MM BTU | O35: 0 | P35: 0 | Q35: 0 | R35: 0.15 | S35: 0 | T35: 0.0375
A36: - | B36: XIII Gas Paita | C36: Licencia | D36: Quincena | E36: F2 | F36: MM BTU | G36: 19087.149 | H36: 23496.592 | I36: 3.3952 | J36: 3.3877 | O36: 144404.1 | P36: 27075.77 | Q36: 21660.62 | R36: 0.15 | S36: 5415.15 | T36: 0.0375
B37: XIII Gas Efe-01 | C37: Licencia | D37: Quincena | E37: F2 | F37: MM BTU | H37: 1804.8142 | J37: 2.3 | O37: 4151.07 | P37: 778.33 | Q37: 622.66 | R37: 0.15 | S37: 155.67 | T37: 0.0375
A38: - | B38: XIII Gas Efe-02 | C38: Licencia | D38: Quincena | E38: F2 | F38: MM BTU | G38: 1083.367 | H38: 1304.8214 | I38: 3 | J38: 3 | O38: 7164.56 | P38: 1343.36 | Q38: 1074.68 | R38: 0.15 | S38: 268.67 | T38: 0.0375
A39: - | B39: Z-2B | C39: Servicios | D39: Mes | E39: F1 | F39: Bls | H39: 155802 | J39: 111.9595 | N39: 1241.1006 | O39: 17442273 | P39: 3270426.2 | Q39: 2616340.9 | R39: 0.15 | S39: 654085.23 | T39: 0.0375
A40: - | B40: Z-2B GAS | C40: Servicios | D40: Mes | E40: F1 | F40: MM BTU | H40: 386604.63 | J40: 9.6363 | N40: 1090.0108 | O40: 3724348.2 | P40: 698315.29 | Q40: 558652.23 | R40: 0.15 | S40: 139663.06 | T40: 0.0375
A41: - | B41: XX | C41: Licencia | D41: Quincena | E41: F2 | F41: Bls | G41: 136 | H41: 153 | I41: 95.3171 | J41: 101.63 | N41: 237.43 | O41: 28275.09 | P41: 5301.58 | Q41: 1060.32 | R41: 0.0375 | S41: 4241.26 | T41: 0.15
A42: - | B42: Z1 Crudo | C42: Licencia | D42: Quincena | E42: F2 | F42: Bls | O42: 0 | P42: 0 | Q42: 0 | R42: 0.0375 | S42: 0 | T42: 0.15
A43: - | B43: Z1 Gas | C43: Licencia | D43: Quincena | E43: F2 | F43: MM BTU | O43: 0 | P43: 0 | Q43: 0 | R43: 0.0375 | S43: 0 | T43: 0.15
A44: - | B44: Z-2B - LGN | C44: Servicios | D44: Mes | E44: F1 | F44: Bls | H44: 17716 | J44: 92.5471 | N44: 1187.1378 | O44: 1638377.3 | P44: 307195.74 | Q44: 245756.59 | R44: 0.15 | S44: 61439.15 | T44: 0.0375
A45: - | B45: Z-6 | C45: Licencia | D45: Quincena | E45: F2 | F45: MM BTU | O45: 0 | P45: 0 | Q45: 0 | R45: 0.15 | S45: 0 | T45: 0.0375
A46: - | B46: Ajustes meses anteriores (1) | O46: -631667.19 | P46: -118437.6 | Q46: -94750.08 | S46: -23687.52
B47: Subtotal | C47: Piura / Tumbes US$ | O47: 91004994 | P47: 17063436 | Q47: 13647568 | S47: 3415868.2
C48: Piura / Tumbes S/. | P48: 63612491 | Q48: 50878134 | S48: 12734357
A49: Provincia Puerto Inca Huanuco | Q49: Puerto Inca | S49: 1162090.6
A50: - | B50: 31-D | C50: Licencia | D50: Quincena | E50: F2 | F50: Bls | O50: 0 | P50: 0 | Q50: 0 | R50: 0.15
A51: - | B51: 131 | C51: Licencia | D51: Quincena | E51: F2 | F51: Bls | G51: 20194 | H51: 21150 | I51: 99.5591 | J51: 107.073 | N51: 4780.9361 | O51: 4270309.5 | P51: 640546.42 | Q51: 640546.42 | R51: 0.15
A52: - | B52: Ajustes meses anteriores (2)
B53: Subtotal | C53: Provincia Puerto Inca Huanuco US$ | O53: 4270309.5 | P53: 640546.42 | Q53: 640546.42 | S53: 0
C54: Provincia Puerto Inca Huanuco S/. | P54: 2387957 | Q54: 2387957 | S54: 0
A55: Loreto / Ucayali | Q55: Loreto | S55: Ucayali
A56: - | B56: 31-E | C56: Licencia | D56: Mes | E56: F2 | F56: Bls | O56: 0 | P56: 0 | Q56: 0 | R56: 0.15 | S56: 0 | T56: 0.0375
A57: - | B57: 192 | C57: Servicios | D57: Mes | E57: F1 | F57: Bls | O57: 0 | P57: 0 | Q57: 0 | R57: 0.15 | S57: 0 | T57: 0.0375
A58: - | B58: 8 | C58: Licencia | D58: Quincena | E58: F2 | F58: Bls | O58: 0 | P58: 0 | Q58: 0 | R58: 0.15 | S58: 0 | T58: 0.0375
A59: - | B59: 8 - Crudo Corrientes | C59: Licencia | D59: Quincena | E59: F2 | F59: Bls | O59: 0 | P59: 0 | Q59: 0 | R59: 0.15 | S59: 0 | T59: 0.0375
A60: - | B60: 31-B | C60: Licencia | D60: Quincena | E60: F2 | F60: Bls | O60: 0 | P60: 0 | Q60: 0 | R60: 0.15 | S60: 0 | T60: 0.0375
A61: - | B61: 31-C GAS | C61: Licencia | D61: Quincena | E61: F2 | F61: MM BTU | G61: 43583.51 | H61: 79385.5 | I61: 3.6616 | J61: 3.6631 | N61: 598.9668 | O61: 449783.44 | P61: 84334.4 | Q61: 16866.88 | R61: 0.0375 | S61: 67467.52 | T61: 0.15
A62: - | B62: 31-C LGN (*) | C62: Licencia | D62: Quincena | E62: F3 | F62: Bls | G62: 3702 | H62: 4055 | I62: 73.6527 | J62: 77.5845 | N62: 2714.2352 | O62: 584553.21 | P62: 109603.73 | Q62: 21920.75 | R62: 0.0375 | S62: 87682.98 | T62: 0.15
A63: - | B63: 31-C COND | C63: Licencia | D63: Quincena | E63: F2 | F63: Bls | O63: 0 | P63: 0 | Q63: 0 | R63: 0.0375 | S63: 0 | T63: 0.15
A64: - | B64: 102 | C64: Licencia | D64: Quincena | E64: F2 | F64: Bls | O64: 0 | P64: 0 | Q64: 0 | R64: 0.15 | S64: 0 | T64: 0.0375
A65: - | B65: 95 | C65: Licencia | D65: Quincena | E65: F2 | F65: Bls | G65: 258238 | H65: 196612 | I65: 89.4193 | J65: 93.3037 | N65: 6399.7599 | O65: 41429688 | P65: 7768066.6 | Q65: 6214453.3 | R65: 0.15 | S65: 1553613.3 | T65: 0.0375
A66: - | B66: 67 | C66: Licencia | D66: Quincena | E66: F2 | F66: Bls | G66: 42831 | H66: 50074 | I66: 68.6754 | J66: 72.9199 | N66: 4430.1915 | O66: 6588396.9 | P66: 1235324.4 | Q66: 988259.54 | R66: 0.15 | S66: 247064.89 | T66: 0.0375
A67: - | B67: Ajustes meses anteriores (3) | O67: 0 | P67: 0 | Q67: 0 | S67: 0
B68: Subtotal | C68: Loreto / Ucayali US$ | O68: 49052422 | P68: 9197329.2 | Q68: 7241500.4 | S68: 1955828.7
C69: Loreto / Ucayali S/. | P69: 34287643 | Q69: 26996314 | S69: 7291329.4
A70: Cusco | P70: V. Regalías | Q70: Cusco
A71: - | B71: 88 LGN | C71: Licencia | D71: Quincena | E71: F4 | F71: Bls | G71: 815718 | H71: 841202 | I71: 71.292 | J71: 67.8682 | O71: 1.1524503e+08 | P71: 42917250 | Q71: 21458625 | R71: 0.5
A72: - | B72: 88 GAS | C72: Licencia | D72: Quincena | E72: F4 | F72: MM BTU | G72: 10281098 | H72: 12647946 | I72: 2.4088 | J72: 2.4088 | O72: 55231480 | P72: 20568203 | Q72: 10284102 | R72: 0.5
A73: - | B73: 88 GAS -Mlocal | C73: Licencia | D73: Quincena | E73: F4 | F73: MM BTU | G73: 31803.75 | H73: 33809.44 | I73: 3.0929 | J73: 3.0929 | O73: 202935.04 | P73: 75573.01 | Q73: 37786.51 | R73: 0.5
A74: - | B74: 88 GAS -PM | C74: Licencia | D74: Quincena | E74: F4 | F74: MM BTU | G74: 878146.75 | H74: 942159.58 | I74: 2.386 | J74: 5.801 | O74: 7560725.9 | P74: 2873075.8 | Q74: 1436537.9 | R74: 0.5
A75: - | B75: 56 LGN | C75: Licencia | D75: Quincena | E75: F4 | F75: Bls | G75: 198225 | H75: 218840 | I75: 71.2894 | J75: 67.8542 | O75: 28980554 | P75: 11592222 | Q75: 5796110.9 | R75: 0.5
A76: - | B76: 56 GAS | C76: Licencia | D76: Quincena | E76: F4 | F76: MM BTU | G76: 5610913.9 | H76: 6169593.6 | I76: 2.386 | J76: 5.801 | O76: 49177453 | P76: 18687432 | Q76: 9343716.1 | R76: 0.5
A77: - | B77: 56 GAS-Mlocal | C77: Licencia | D77: Quincena | E77: F4 | F77: MM BTU | G77: 249222.25 | H77: 273209.31 | I77: 2.1051 | J77: 2.1051 | O77: 1099770.7 | P77: 409554.6 | Q77: 204777.3 | R77: 0.5
A78: - | B78: 57 LGN | C78: Licencia | D78: Quincena | E78: F4 | F78: Bls | G78: 230503 | H78: 246368 | I78: 60.3959 | J78: 58.2341 | O78: 28268455 | P78: 1877025.4 | Q78: 938512.7 | R78: 0.5
A79: - | B79: 57 GAS | C79: Licencia | D79: Quincena | E79: F4 | F79: MM BTU | G79: 3665425 | H79: 3907946.5 | I79: 11.106 | J79: 11.106 | O79: 84109864 | P79: 8949289.5 | Q79: 4474644.8 | R79: 0.5
A80: - | B80: Ajustes meses anteriores (4) | O80: -83580678 | P80: -13687973 | Q80: -6843986.4
B81: Subtotal | C81: Cusco US$ | O81: 2.8629559e+08 | P81: 94261653 | Q81: 47130827
C82: Cusco S/. | Q82: 1.7570372e+08
A83: Total General | M83: 0 | N83: 47658.274 | O83: 4.3062332e+08 | P83: 74032138 | Q83: 2.7599181e+08
A85: (*) | B85: Determinación de Canasta de los Líquidos de Gas Natural (VLGNF) | H85: = ( VC * %P + (PB - TF - TT) * (1 - %P)) | O85: 3.0994382e+08
B86: Simbolo | C86: Descripcion | E86: 1ra. Q | F86: 2da. Q | H86: 1ra. Q
B87: VC | C87: Canasta de Petróleo | E87: 108.735 | F87: 115.8617 | H87: = (108.7350 * 56.84% + (62.9665 - 21.2630 - 0.0000) * (1 - 56.84%)) | M87: 0.0622 | N87: 0.064199999
B88: PB | C88: Precio del GLP | E88: 62.9665 | F88: 62.9522 | H88: 73.652669 | M88: 0.0942 | N88: 0.0989
B89: TF | C89: Tarifa de Fraccionam. | E89: 21.263 | F89: 21.263 | M89: 0.4 | N89: 0.4
B90: %P | C90: % Contenido Pentanos | E90: 0.5684 | F90: 0.5757 | H90: 2da. Q | M90: 0.38
B91: QLGNF | C91: Volumen de LGN | H91: = (115.8617 * 57.57% + (62.9522 - 21.2630 - 0.0000) * (1 - 57.57%))
B92: TT | C92: Tarifa de Transporte | E92: 0 | F92: 0 | H92: 77.58455
A94: (*) Crudo Garantia de Interoil

Sheet Jun
A1: Período de Cálculo: | E1: 44713 | F1: 3.878
A2: PERUPETRO S.A.
A3: DETERMINACION DEL CANON, SOBRECANON y PARTICIPACION (US$)
A4: Correspondiente a Junio 2022
A5: Tipo de Cambio= 3.878
A7: Localidad | C7: Modalidad de Contrato | D7: Calculo del Canon | F7: Volumen Producción / Venta | I7: Canasta o Valor Venta (US$/Unidad) | K7: Deducción de Gastos para determinación de valor de producción en Punto de Fiscalización (US$) | O7: Valor de la Producción (US$) | P7: Canon y Sobrecanon / Participación (US$)
A8: - Lote | D8: Período | E8: Fórmula | F8: Unidades | G8: 1ra. Q | H8: 2da. Q / Mes | I8: 1ra. Q | J8: 2da. Q / Mes | K8: Flete Marítimo | L8: Comercialización | M8: Oleoducto | N8: Fiscalización | P8: Total | Q8: Localidad 1 | S8: Localidad 2
A9: Piura / Tumbes | Q9: Piura | S9: Tumbes
A10: - | B10: I | C10: Servicios | D10: Mes | E10: F1 | F10: Bls | O10: 0 | P10: 0 | Q10: 0 | R10: 0.15 | S10: 0 | T10: 0.0375
A11: - | B11: I GAS | C11: Servicios | D11: Mes | E11: F1 | F11: MM BTU | O11: 0 | P11: 0 | Q11: 0 | R11: 0.15 | S11: 0 | T11: 0.0375
A12: - | B12: I (T) | C12: Licencia | D12: Quincena | E12: F1 | F12: Bls | G12: 5626 | H12: 9335 | I12: 109.9129 | J12: 103.1167 | N12: 315.99 | O12: 1580648.4 | P12: 296371.57 | Q12: 237097.26 | R12: 0.15 | S12: 59274.31 | T12: 0.0375
A13: - | B13: I GAS (T) | C13: Licencia | D13: Quincena | E13: F1 | F13: MM BTU | G13: 49723.37 | H13: 48547.65 | I13: 3 | J13: 3 | N13: 888.72 | O13: 293924.34 | P13: 55110.81 | Q13: 44088.65 | R13: 0.15 | S13: 11022.16 | T13: 0.0375
A14: - | B14: II | C14: Licencia | D14: Quincena | E14: F2 | F14: Bls | G14: 7265 | H14: 6338 | I14: 120.0363 | J14: 112.483 | N14: 819.5979 | O14: 1584161.4 | P14: 297030.26 | Q14: 237624.21 | R14: 0.15 | S14: 59406.05 | T14: 0.0375
A15: - | B15: II-GAS | C15: Servicios | D15: Mes | E15: F1 | F15: MM BTU | G15: 35672.07 | H15: 21786.86 | I15: 2.6775 | J15: 2.6775 | N15: 873.9112 | O15: 152972.38 | P15: 28682.32 | Q15: 22945.86 | R15: 0.15 | S15: 5736.46 | T15: 0.0375
A16: - | B16: III | C16: Licencia | D16: Quincena | E16: F2 | F16: Bls | G16: 7791 | H16: 7679 | I16: 109.9129 | J16: 103.1167 | N16: 582.6057 | O16: 1647581.9 | P16: 308921.61 | Q16: 247137.29 | R16: 0.15 | S16: 61784.32 | T16: 0.0375
A17: - | B17: IV | C17: Licencia | D17: Quincena | E17: F2 | F17: Bls | G17: 33895 | H17: 36390 | I17: 109.9129 | J17: 103.1167 | N17: 1505.8903 | O17: 7476408.6 | P17: 1401826.6 | Q17: 1121461.3 | R17: 0.15 | S17: 280365.32 | T17: 0.0375
A18: - | B18: III (T) | C18: Licencia | D18: Quincena | E18: F2 | F18: Bls | O18: 0 | P18: 0 | Q18: 0 | R18: 0.15 | S18: 0 | T18: 0.0375
A19: - | B19: IV (T) | C19: Licencia | D19: Quincena | E19: F2 | F19: Bls | O19: 0 | P19: 0 | Q19: 0 | R19: 0.15 | S19: 0 | T19: 0.0375
A20: - | B20: IV-GAS | C20: Licencia | D20: Quincena | E20: F2 | F20: Bls | G20: 41673.4 | H20: 44743.49 | I20: 4.3501 | J20: 4.3501 | O20: 375922.12 | P20: 70485.4 | Q20: 56388.32 | R20: 0.15 | S20: 14097.08 | T20: 0.0375
A21: - | B21: V | C21: Servicios | D21: Mes | E21: F1 | F21: Bls | H21: 3582 | J21: 106.175 | N21: 691.2272 | O21: 379627.62 | P21: 71180.18 | Q21: 56944.14 | R21: 0.15 | S21: 14236.04 | T21: 0.0375
A22: - | B22: VII/VI | C22: Licencia | D22: Quincena | E22: F2 | F22: Bls | G22: 48602 | H22: 61078 | I22: 109.3629 | J22: 102.5667 | N22: 4196.7415 | O22: 11575628 | P22: 2170430.2 | Q22: 1736344.2 | R22: 0.15 | S22: 434086.04 | T22: 0.0375
A23: - | B23: VII | C23: Servicios | D23: Mes | E23: F1 | F23: Bls | O23: 0 | P23: 0 | Q23: 0 | R23: 0.15 | S23: 0 | T23: 0.0375
A24: - | B24: VII/VI-GAS | C24: Licencia | D24: Quincena | E24: F2 | F24: MM BTU | G24: 78477.74 | H24: 77612.89 | I24: 0.8 | J24: 1.0933 | N24: 982.5326 | O24: 146653.83 | P24: 27497.59 | Q24: 21998.07 | R24: 0.15 | S24: 5499.52 | T24: 0.0375
A25: - | B25: IX | C25: Licencia | D25: Quincena | E25: F2 | F25: Bls | G25: 2081 | H25: 2408 | I25: 109.9129 | J25: 103.1167 | N25: 340.6762 | O25: 476693.07 | P25: 89379.95 | Q25: 71503.96 | R25: 0.15 | S25: 17875.99 | T25: 0.0375
A26: - | B26: X | C26: Licencia | D26: Quincena | E26: F2 | F26: Bls | G26: 146880 | H26: 187167 | I26: 109.9129 | J26: 103.1167 | N26: 5253.3394 | O26: 35438797 | P26: 6644774.4 | Q26: 5315819.5 | R26: 0.15 | S26: 1328954.9 | T26: 0.0375
A27: - | B27: X-GAS | C27: Licencia | D27: Mes | E27: F2 | F27: MM BTU | G27: 243978.27 | H27: 248076.24 | I27: 2.4702 | J27: 2.4702 | N27: 1036.8433 | O27: 1214436.2 | P27: 227706.79 | Q27: 182165.43 | R27: 0.15 | S27: 45541.36 | T27: 0.0375
A28: - | B28: XIV | C28: Licencia | D28: Mes | E28: F2 | F28: Bls | O28: 0 | P28: 0 | Q28: 0 | R28: 0.15 | S28: 0 | T28: 0.0375
A29: - | B29: XV | C29: Licencia | D29: Quincena | E29: F2 | F29: Bls | G29: 349 | H29: 468 | I29: 119.0874 | J29: 111.3367 | N29: 370.3003 | O29: 93296.78 | P29: 17493.15 | Q29: 13994.52 | R29: 0.15 | S29: 3498.63 | T29: 0.0375
A30: - | B30: XIII Crudo | C30: Licencia | D30: Quincena | E30: F2 | F30: Bls | G30: 31905 | H30: 30231 | I30: 107.8929 | J30: 101.0967 | N30: 3530.2037 | O30: 6495047.1 | P30: 1217821.3 | Q30: 974257.07 | R30: 0.15 | S30: 243564.27 | T30: 0.0375
A31: - | B31: XIII COND | C31: Licencia | D31: Quincena | E31: F2 | F31: Bls | O31: 0 | P31: 0 | Q31: 0 | R31: 0.15 | S31: 0 | T31: 0.0375
A32: - | B32: XIII Gas - A | C32: Licencia | D32: Quincena | E32: F2 | F32: MM BTU | G32: 167367.88 | H32: 166626.11 | I32: 1.61 | J32: 1.61 | N32: 1466.3916 | O32: 536263.94 | P32: 100549.49 | Q32: 80439.59 | R32: 0.15 | S32: 20109.9 | T32: 0.0375
A33: - | B33: XIII Gas - B | C33: Licencia | D33: Quincena | E33: F2 | F33: MM BTU | G33: 103826.52 | H33: 87816.35 | I33: 3.5988 | J33: 3.5735 | O33: 687462.61 | P33: 128899.24 | Q33: 103119.39 | R33: 0.15 | S33: 25779.85 | T33: 0.0375
A34: - | B34: XIII Gas Lantera | C34: Licencia | D34: Quincena | E34: F2 | F34: MM BTU | O34: 0 | P34: 0 | Q34: 0 | R34: 0.15 | S34: 0 | T34: 0.0375
A35: - | B35: XIII Gas Expectativa | C35: Licencia | D35: Quincena | E35: F2 | F35: MM BTU | O35: 0 | P35: 0 | Q35: 0 | R35: 0.15 | S35: 0 | T35: 0.0375
A36: - | B36: XIII Gas Paita | C36: Licencia | D36: Quincena | E36: F2 | F36: MM BTU | G36: 23748.88 | H36: 25263.38 | I36: 3.3875 | J36: 3.3836 | O36: 165930.5 | P36: 31111.97 | Q36: 24889.58 | R36: 0.15 | S36: 6222.39 | T36: 0.0375
B37: XIII Gas Efe-01 | C37: Licencia | D37: Quincena | E37: F2 | F37: MM BTU | G37: 5437.95 | H37: 641.21 | I37: 2.3 | J37: 2.3001 | O37: 13982.14 | P37: 2621.65 | Q37: 2097.32 | R37: 0.15 | S37: 524.33 | T37: 0.0375
A38: - | B38: XIII Gas Efe-02 | C38: Licencia | D38: Quincena | E38: F2 | F38: MM BTU | G38: 1323.08 | H38: 1426.8667 | I38: 3 | J38: 3 | O38: 8249.84 | P38: 1546.85 | Q38: 1237.48 | R38: 0.15 | S38: 309.37 | T38: 0.0375
A39: - | B39: Z-2B | C39: Servicios | D39: Mes | E39: F1 | F39: Bls | H39: 170949 | J39: 117.5032 | N39: 1135.5901 | O39: 20085919 | P39: 3766109.8 | Q39: 3012887.8 | R39: 0.15 | S39: 753221.96 | T39: 0.0375
A40: - | B40: Z-2B GAS | C40: Servicios | D40: Mes | E40: F1 | F40: MM BTU | H40: 424150.64 | J40: 10.0651 | N40: 997.342 | O40: 4268121.3 | P40: 800272.74 | Q40: 640218.19 | R40: 0.15 | S40: 160054.55 | T40: 0.0375
A41: - | B41: XX | C41: Licencia | D41: Quincena | E41: F2 | F41: Bls | G41: 154 | H41: 145 | I41: 109.9129 | J41: 103.1167 | N41: 217.2428 | O41: 31661.267 | P41: 5936.49 | Q41: 1187.3 | R41: 0.0375 | S41: 4749.19 | T41: 0.15
A42: - | B42: Z1 Crudo | C42: Licencia | D42: Quincena | E42: F2 | F42: Bls | O42: 0 | P42: 0 | Q42: 0 | R42: 0.0375 | S42: 0 | T42: 0.15
A43: - | B43: Z1 Gas | C43: Licencia | D43: Quincena | E43: F2 | F43: MM BTU | O43: 0 | P43: 0 | Q43: 0 | R43: 0.0375 | S43: 0 | T43: 0.15
A44: - | B44: Z-2B - LGN | C44: Servicios | D44: Mes | E44: F1 | F44: Bls | H44: 17511 | J44: 96.4415 | N44: 1086.2167 | O44: 1687700.9 | P44: 316443.92 | Q44: 253155.13 | R44: 0.15 | S44: 63288.78 | T44: 0.0375
A45: - | B45: Z-6 | C45: Licencia | D45: Quincena | E45: F2 | F45: MM BTU | O45: 0 | P45: 0 | Q45: 0 | R45: 0.15 | S45: 0 | T45: 0.0375
A46: - | B46: Ajustes meses anteriores (1) | O46: -9393.33 | P46: -1761.24 | Q46: -1409 | S46: -352.25
B47: Subtotal | C47: Piura / Tumbes US$ | O47: 96407696 | P47: 18076443 | Q47: 14457593 | S47: 3618850.5
C48: Piura / Tumbes S/. | P48: 70100446 | Q48: 56066544 | S48: 14033902
A49: Provincia Puerto Inca Huanuco | Q49: Puerto Inca
A50: - | B50: 31-D | C50: Licencia | D50: Quincena | E50: F2 | F50: Bls | O50: 0 | P50: 0 | Q50: 0 | R50: 0.15
A51: - | B51: 131 | C51: Licencia | D51: Quincena | E51: F2 | F51: Bls | G51: 19671 | H51: 18953 | I51: 114.4878 | J51: 105.8387 | N51: 4374.4909 | O51: 4253675.9 | P51: 638051.38 | Q51: 638051.38 | R51: 0.15
A52: - | B52: Ajustes meses anteriores (2)
B53: Subtotal | C53: Provincia Puerto Inca Huanuco US$ | O53: 4253675.9 | P53: 638051.38 | Q53: 638051.38 | S53: 0
C54: Provincia Puerto Inca Huanuco S/. | P54: 2474363.2 | Q54: 2474363.2 | S54: 0
A55: Loreto / Ucayali | Q55: Loreto | S55: Ucayali
A56: - | B56: 31-E | C56: Licencia | D56: Mes | E56: F2 | F56: Bls | O56: 0 | P56: 0 | Q56: 0 | R56: 0.15 | S56: 0 | T56: 0.0375
A57: - | B57: 192 | C57: Servicios | D57: Mes | E57: F1 | F57: Bls | O57: 0 | P57: 0 | Q57: 0 | R57: 0.15 | S57: 0 | T57: 0.0375
A58: - | B58: 8 | C58: Licencia | D58: Quincena | E58: F2 | F58: Bls | O58: 0 | P58: 0 | Q58: 0 | R58: 0.15 | S58: 0 | T58: 0.0375
A59: - | B59: 8 - Crudo Corrientes | C59: Licencia | D59: Quincena | E59: F2 | F59: Bls | O59: 0 | P59: 0 | Q59: 0 | R59: 0.15 | S59: 0 | T59: 0.0375
A60: - | B60: 31-B | C60: Licencia | D60: Quincena | E60: F2 | F60: Bls | O60: 0 | P60: 0 | Q60: 0 | R60: 0.15 | S60: 0 | T60: 0.0375
A61: - | B61: 31-C GAS | C61: Licencia | D61: Quincena | E61: F2 | F61: MM BTU | G61: 197428.48 | H61: 228751.61 | I61: 3.6728 | J61: 3.6715 | N61: 548.0444 | O61: 1564428.8 | P61: 293330.4 | Q61: 58666.08 | R61: 0.0375 | S61: 234664.32 | T61: 0.15
A62: - | B62: 31-C LGN (*) | C62: Licencia | D62: Quincena | E62: F3 | F62: Bls | G62: 3447 | H62: 3697 | I62: 82.7701 | J62: 80.5258 | N62: 2483.4856 | O62: 580528.92 | P62: 108849.17 | Q62: 21769.83 | R62: 0.0375 | S62: 87079.34 | T62: 0.15
A63: - | B63: 31-C COND | C63: Licencia | D63: Quincena | E63: F2 | F63: Bls | O63: 0 | P63: 0 | Q63: 0 | R63: 0.0375 | S63: 0 | T63: 0.15
A64: - | B64: 102 | C64: Licencia | D64: Quincena | E64: F2 | F64: Bls | O64: 0 | P64: 0 | Q64: 0 | R64: 0.15 | S64: 0 | T64: 0.0375
A65: - | B65: 95 | C65: Licencia | D65: Quincena | E65: F2 | F65: Bls | G65: 230459 | H65: 239179 | I65: 100.5842 | J65: 92.8379 | N65: 5855.6893 | O65: 45379555 | P65: 8508666.5 | Q65: 6806933.2 | R65: 0.15 | S65: 1701733.3 | T65: 0.0375
A66: - | B66: 67 | C66: Licencia | D66: Quincena | E66: F2 | F66: Bls | G66: 30681 | H66: 34262 | I66: 78.9873 | J66: 70.0962 | N66: 4053.564 | O66: 4820991.8 | P66: 903935.96 | Q66: 723148.77 | R66: 0.15 | S66: 180787.19 | T66: 0.0375
A67: - | B67: Ajustes meses anteriores (3)
B68: Subtotal | C68: Loreto / Ucayali US$ | O68: 52345504 | P68: 9814782 | Q68: 7610517.9 | S68: 2204264.1
C69: Loreto / Ucayali S/. | P69: 38061725 | Q69: 29513588 | S69: 8548136.4
A70: Cusco | P70: V. Regalías | Q70: Cusco
A71: - | B71: 88 LGN | C71: Licencia | D71: Quincena | E71: F4 | F71: Bls | G71: 773566 | H71: 810327 | I71: 69.0818 | J71: 65.7921 | O71: 1.0675245e+08 | P71: 39754611 | Q71: 19877306 | R71: 0.5
A72: - | B72: 88 GAS | C72: Licencia | D72: Quincena | E72: F4 | F72: MM BTU | G72: 12578384 | H72: 12741186 | I72: 2.3405 | J72: 2.3405 | O72: 59260454 | P72: 22068593 | Q72: 11034296 | R72: 0.5
A73: - | B73: 88 GAS -Mlocal | C73: Licencia | D73: Quincena | E73: F4 | F73: MM BTU | G73: 24155.29 | H73: 16130.18 | I73: 3.0131 | J73: 3.0131 | O73: 121384.15 | P73: 45203.46 | Q73: 22601.73 | R73: 0.5
A74: - | B74: 88 GAS -PM | C74: Licencia | D74: Quincena | E74: F4 | F74: MM BTU | G74: 896872.18 | H74: 864994.52 | I74: 6.174 | J74: 8.966 | O74: 13292830 | P74: 5051275.3 | Q74: 2525637.6 | R74: 0.5
A75: - | B75: 56 LGN | C75: Licencia | D75: Quincena | E75: F4 | F75: Bls | G75: 288316 | H75: 303131 | I75: 69.0521 | J75: 65.7364 | O75: 39835566 | P75: 15934226 | Q75: 7967113.2 | R75: 0.5
A76: - | B76: 56 GAS | C76: Licencia | D76: Quincena | E76: F4 | F76: MM BTU | G76: 6324878.1 | H76: 5840337.2 | I76: 6.174 | J76: 8.966 | O76: 91414260 | P76: 34737419 | Q76: 17368709 | R76: 0.5
A77: - | B77: 56 GAS-Mlocal | C77: Licencia | D77: Quincena | E77: F4 | F77: MM BTU | G77: 251028.65 | H77: 212865.31 | I77: 2.1252 | J77: 2.1252 | O77: 985867.44 | P77: 367137.04 | Q77: 183568.52 | R77: 0.5
A78: - | B78: 57 LGN | C78: Licencia | D78: Quincena | E78: F4 | F78: Bls | G78: 176466 | H78: 126465 | I78: 62.7085 | J78: 60.4255 | O78: 18707629 | P78: 1163063.2 | Q78: 581531.62 | R78: 0.5
A79: - | B79: 57 GAS | C79: Licencia | D79: Quincena | E79: F4 | F79: MM BTU | G79: 2835627.4 | H79: 1961017.8 | I79: 4.156 | J79: 4.156 | O79: 19934858 | P79: 1891959.8 | Q79: 945979.92 | R79: 0.5
A80: - | B80: Ajustes meses anteriores (4) | O80: -22912585 | P80: -4287237.2 | Q80: -2143618.6
B81: Subtotal | C81: Cusco US$ | O81: 3.2739271e+08 | P81: 1.1672625e+08 | Q81: 58363126
C82: Cusco S/. | G82: 6.0194411 | H82: 8.7254382 | Q82: 2.263322e+08
A83: Total General | G83: 0 | H83: 0 | I83: 0 | J83: 92400128 | K83: -92400128 | M83: 0 | N83: 43606.637 | O83: 4.8039959e+08 | P83: 86892402 | Q83: 3.3696873e+08
A85: (*) | B85: Determinación de Canasta de los Líquidos de Gas Natural (VLGNF) | H85: = ( VC * %P + (PB - TF - TT) * (1 - %P))
B86: Simbolo | C86: Descripcion | E86: 1ra. Q | F86: 2da. Q | H86: 1ra. Q
B87: VC | C87: Canasta de Petróleo | E87: 124.7494 | F87: 116.9802 | H87: = (124.7494 * 59.02% + (62.3943 - 21.2630 - 0.0000) * (1 - 59.02%)) | M87: 0.0622
B88: PB | C88: Precio del GLP | E88: 62.3943 | F88: 62.9048 | H88: 82.770107 | M88: 0.0942
B89: TF | C89: Tarifa de Fraccionam. | E89: 21.263 | F89: 21.263 | M89: 0.4
B90: %P | C90: % Contenido Pentanos | E90: 0.5902 | F90: 0.6137 | H90: 2da. Q | M90: 0.38
B91: QLGNF | C91: Volumen de LGN | H91: = (116.9802 * 61.37% + (62.9048 - 21.2630 - 0.0000) * (1 - 61.37%))
B92: TT | C92: Tarifa de Transporte | E92: 0 | F92: 0 | H92: 80.525756
A94: (*) Crudo Garantia de Interoil

Sheet Jul
A1: Período de Cálculo: | E1: 44743 | F1: 3.847
A2: PERUPETRO S.A.
A3: DETERMINACION DEL CANON, SOBRECANON y PARTICIPACION (US$)
A4: Correspondiente a Julio 2022
A5: Tipo de Cambio= 3.847
A7: Localidad | C7: Modalidad de Contrato | D7: Calculo del Canon | F7: Volumen Producción / Venta | I7: Canasta o Valor Venta (US$/Unidad) | K7: Deducción de Gastos para determinación de valor de producción en Punto de Fiscalización (US$) | O7: Valor de la Producción (US$) | P7: Canon y Sobrecanon / Participación (US$)
A8: - Lote | D8: Período | E8: Fórmula | F8: Unidades | G8: 1ra. Q | H8: 2da. Q / Mes | I8: 1ra. Q | J8: 2da. Q / Mes | K8: Flete Marítimo | L8: Comercialización | M8: Oleoducto | N8: Fiscalización | P8: Total | Q8: Localidad 1 | S8: Localidad 2
A9: Piura / Tumbes | Q9: Piura | S9: Tumbes
A10: - | B10: I | C10: Servicios | D10: Mes | E10: F1 | F10: Bls | O10: 0 | P10: 0 | Q10: 0 | R10: 0.15 | S10: 0 | T10: 0.0375
A11: - | B11: I GAS | C11: Servicios | D11: Mes | E11: F1 | F11: MM BTU | O11: 0 | P11: 0 | Q11: 0 | R11: 0.15 | S11: 0 | T11: 0.0375
A12: - | B12: I (T) | C12: Licencia | D12: Quincena | E12: F1 | F12: Bls | G12: 4733 | H12: 10152 | I12: 95.5027 | J12: 102.0698 | N12: 323.06 | O12: 1487903.8 | P12: 278981.97 | Q12: 223185.57 | R12: 0.15 | S12: 55796.39 | T12: 0.0375
A13: - | B13: I GAS (T) | C13: Licencia | D13: Quincena | E13: F1 | F13: MM BTU | G13: 47136.75 | H13: 48776.51 | I13: 3 | J13: 3 | N13: 908.61 | O13: 286831.17 | P13: 53780.84 | Q13: 43024.68 | R13: 0.15 | S13: 10756.17 | T13: 0.0375
A14: - | B14: II | C14: Licencia | D14: Quincena | E14: F2 | F14: Bls | G14: 5792 | H14: 6249 | I14: 104.788 | J14: 104.4745 | N14: 837.9414 | O14: 1258955.3 | P14: 236054.12 | Q14: 188843.3 | R14: 0.15 | S14: 47210.82 | T14: 0.0375
A15: - | B15: II-GAS | C15: Servicios | D15: Mes | E15: F1 | F15: MM BTU | G15: 19977.07 | H15: 21984.69 | I15: 2.6775 | J15: 2.6775 | N15: 893.4675 | O15: 111459.14 | P15: 20898.59 | Q15: 16718.87 | R15: 0.15 | S15: 4179.72 | T15: 0.0375
A16: - | B16: III | C16: Licencia | D16: Quincena | E16: F2 | F16: Bls | G16: 7029 | H16: 9085 | I16: 95.5027 | J16: 102.0698 | N16: 595.6459 | O16: 1597997 | P16: 299624.43 | Q16: 239699.54 | R16: 0.15 | S16: 59924.89 | T16: 0.0375
A17: - | B17: IV | C17: Licencia | D17: Quincena | E17: F2 | F17: Bls | G17: 32747 | H17: 46607 | I17: 95.5027 | J17: 102.0698 | N17: 1539.5898 | O17: 7883054.5 | P17: 1478072.7 | Q17: 1182458.2 | R17: 0.15 | S17: 295614.54 | T17: 0.0375
A18: - | B18: III (T) | C18: Licencia | D18: Quincena | E18: F2 | F18: Bls | O18: 0 | P18: 0 | Q18: 0 | R18: 0.15 | S18: 0 | T18: 0.0375
A19: - | B19: IV (T) | C19: Licencia | D19: Quincena | E19: F2 | F19: Bls | O19: 0 | P19: 0 | Q19: 0 | R19: 0.15 | S19: 0 | T19: 0.0375
A20: - | B20: IV-GAS | C20: Licencia | D20: Quincena | E20: F2 | F20: Bls | G20: 55372.78 | H20: 54362.78 | I20: 3.4511 | J20: 3.4511 | O20: 378708.39 | P20: 71007.82 | Q20: 56806.26 | R20: 0.15 | S20: 14201.56 | T20: 0.0375
A21: - | B21: V | C21: Servicios | D21: Mes | E21: F1 | F21: Bls | H21: 3282 | J21: 98.7863 | N21: 706.6955 | O21: 323509.94 | P21: 60658.11 | Q21: 48526.49 | R21: 0.15 | S21: 12131.62 | T21: 0.0375
A22: - | B22: VII/VI | C22: Licencia | D22: Quincena | E22: F2 | F22: Bls | G22: 52513 | H22: 59172 | I22: 94.9527 | J22: 101.5198 | N22: 4290.665 | O22: 10989090 | P22: 2060454.4 | Q22: 1648363.5 | R22: 0.15 | S22: 412090.88 | T22: 0.0375
A23: - | B23: VII | C23: Servicios | D23: Mes | E23: F1 | F23: Bls | O23: 0 | P23: 0 | Q23: 0 | R23: 0.15 | S23: 0 | T23: 0.0375
A24: - | B24: VII/VI-GAS | C24: Licencia | D24: Quincena | E24: F2 | F24: MM BTU | G24: 78037.59 | H24: 82703.85 | I24: 1.8394 | J24: 2.7985 | N24: 1004.5223 | O24: 373984.54 | P24: 70122.1 | Q24: 56097.68 | R24: 0.15 | S24: 14024.42 | T24: 0.0375
A25: - | B25: IX | C25: Licencia | D25: Quincena | E25: F2 | F25: Bls | G25: 2054 | H25: 2624 | I25: 95.5027 | J25: 102.0698 | N25: 348.3006 | O25: 463645.41 | P25: 86933.51 | Q25: 69546.81 | R25: 0.15 | S25: 17386.7 | T25: 0.0375
A26: - | B26: X | C26: Licencia | D26: Quincena | E26: F2 | F26: Bls | G26: 167020 | H26: 175331 | I26: 95.5027 | J26: 102.0698 | N26: 5370.9045 | O26: 33841490 | P26: 6345279.4 | Q26: 5076223.5 | R26: 0.15 | S26: 1269055.9 | T26: 0.0375
A27: - | B27: X-GAS | C27: Licencia | D27: Mes | E27: F2 | F27: MM BTU | G27: 246553.1 | H27: 258740.98 | I27: 2.4843 | J27: 2.4843 | N27: 1060.0459 | O27: 1254242 | P27: 235170.38 | Q27: 188136.31 | R27: 0.15 | S27: 47034.08 | T27: 0.0375
A28: - | B28: XIV | C28: Licencia | D28: Mes | E28: F2 | F28: Bls | O28: 0 | P28: 0 | Q28: 0 | R28: 0.15 | S28: 0 | T28: 0.0375
A29: - | B29: XV | C29: Licencia | D29: Quincena | E29: F2 | F29: Bls | G29: 386 | H29: 483 | I29: 102.6022 | J29: 103.6125 | N29: 378.5885 | O29: 89270.701 | P29: 16738.26 | Q29: 13390.61 | R29: 0.15 | S29: 3347.65 | T29: 0.0375
A30: - | B30: XIII Crudo | C30: Licencia | D30: Quincena | E30: F2 | F30: Bls | G30: 28720 | H30: 28580 | I30: 93.4927 | J30: 100.0598 | N30: 3609.2102 | O30: 5541210.2 | P30: 1038976.9 | Q30: 831181.53 | R30: 0.15 | S30: 207795.38 | T30: 0.0375
A31: - | B31: XIII COND | C31: Licencia | D31: Quincena | E31: F2 | F31: Bls | O31: 0 | P31: 0 | Q31: 0 | R31: 0.15 | S31: 0 | T31: 0.0375
A32: - | B32: XIII Gas - A | C32: Licencia | D32: Quincena | E32: F2 | F32: MM BTU | G32: 133225.33 | H32: 131510.54 | I32: 1.61 | J32: 1.61 | N32: 1499.2076 | O32: 424725.54 | P32: 79636.04 | Q32: 63708.83 | R32: 0.15 | S32: 15927.21 | T32: 0.0375
A33: - | B33: XIII Gas - B | C33: Licencia | D33: Quincena | E33: F2 | F33: MM BTU | G33: 83684.424 | H33: 81174.338 | I33: 3.7471 | J33: 3.7927 | O33: 621443.82 | P33: 116520.72 | Q33: 93216.57 | R33: 0.15 | S33: 23304.14 | T33: 0.0375
A34: - | B34: XIII Gas Lantera | C34: Licencia | D34: Quincena | E34: F2 | F34: MM BTU | O34: 0 | P34: 0 | Q34: 0 | R34: 0.15 | S34: 0 | T34: 0.0375
A35: - | B35: XIII Gas Expectativa | C35: Licencia | D35: Quincena | E35: F2 | F35: MM BTU | O35: 0 | P35: 0 | Q35: 0 | R35: 0.15 | S35: 0 | T35: 0.0375
A36: - | B36: XIII Gas Paita | C36: Licencia | D36: Quincena | E36: F2 | F36: MM BTU | G36: 20174.482 | H36: 16611.758 | I36: 3.3943 | J36: 3.3944 | O36: 124865.19 | P36: 23412.22 | Q36: 18729.78 | R36: 0.15 | S36: 4682.44 | T36: 0.0375
A37: - | B37: XIII Gas Efe-01 | C37: Licencia | D37: Quincena | E37: F2 | F37: MM BTU | G37: 11290.108 | H37: 909.0989 | I37: 2.3942 | J37: 2.3 | O37: 29121.71 | P37: 5460.32 | Q37: 4368.26 | R37: 0.15 | S37: 1092.06 | T37: 0.0375
A38: - | B38: XIII Gas Efe-02 | C38: Licencia | D38: Quincena | E38: F2 | F38: MM BTU | G38: 1495.2522 | H38: 1736.6278 | I38: 3 | J38: 3 | O38: 9695.64 | P38: 1817.93 | Q38: 1454.35 | R38: 0.15 | S38: 363.59 | T38: 0.0375
A39: - | B39: Z-2B | C39: Servicios | D39: Mes | E39: F1 | F39: Bls | H39: 165440 | J39: 105.1238 | N39: 1161.0013 | O39: 17390520 | P39: 3260722.6 | Q39: 2608578.1 | R39: 0.15 | S39: 652144.52 | T39: 0.0375
A40: - | B40: Z-2B GAS | C40: Servicios | D40: Mes | E40: F1 | F40: MM BTU | H40: 467017.55 | J40: 9.424 | N40: 1019.6637 | O40: 4400153.7 | P40: 825028.82 | Q40: 660023.06 | R40: 0.15 | S40: 165005.76 | T40: 0.0375
A41: - | B41: XX | C41: Licencia | D41: Quincena | E41: F2 | F41: Bls | G41: 155 | H41: 155 | I41: 95.5027 | J41: 102.0698 | N41: 222.1045 | O41: 30401.635 | P41: 5700.31 | Q41: 1140.06 | R41: 0.0375 | S41: 4560.25 | T41: 0.15
A42: - | B42: Z1 Crudo | C42: Licencia | D42: Quincena | E42: F2 | F42: Bls | O42: 0 | P42: 0 | Q42: 0 | R42: 0.0375 | S42: 0 | T42: 0.15
A43: - | B43: Z1 Gas | C43: Licencia | D43: Quincena | E43: F2 | F43: MM BTU | O43: 0 | P43: 0 | Q43: 0 | R43: 0.0375 | S43: 0 | T43: 0.15
A44: - | B44: Z-2B - LGN | C44: Servicios | D44: Mes | E44: F1 | F44: Bls | H44: 18316 | J44: 97.7843 | N44: 1110.5248 | O44: 1789906.7 | P44: 335607.51 | Q44: 268486.01 | R44: 0.15 | S44: 67121.5 | T44: 0.0375
A45: - | B45: Z-6 | C45: Licencia | D45: Quincena | E45: F2 | F45: MM BTU | O45: 0 | P45: 0 | Q45: 0 | R45: 0.15 | S45: 0 | T45: 0.0375
A46: - | B46: Ajustes meses anteriores (1) | O46: -132134.85 | P46: -24775.29 | Q46: -19820.23 | S46: -4955.07
B47: Subtotal | C47: Piura / Tumbes US$ | O47: 90570052 | P47: 16981885 | Q47: 13582088 | S47: 3399797.1
C48: Piura / Tumbes S/. | P48: 65329311 | Q48: 52250291 | S48: 13079019
A49: Provincia Puerto Inca Huanuco | Q49: Puerto Inca
A50: - | B50: 31-D | C50: Licencia | D50: Quincena | E50: F2 | F50: Bls | O50: 0 | P50: 0 | Q50: 0 | R50: 0.15
A51: - | B51: 131 | C51: Licencia | D51: Quincena | E51: F2 | F51: Bls | G51: 17263 | H51: 20449 | I51: 98.0347 | J51: 97.097 | N51: 4472.3873 | O51: 3673437.2 | P51: 551015.58 | Q51: 551015.58 | R51: 0.15
A52: - | B52: Ajustes meses anteriores (2)
B53: Subtotal | C53: Provincia Puerto Inca Huanuco US$ | O53: 3673437.2 | P53: 551015.58 | Q53: 551015.58 | S53: 0
C54: Provincia Puerto Inca Huanuco S/. | P54: 2119756.9 | Q54: 2119756.9 | S54: 0
A55: Loreto / Ucayali | Q55: Loreto | S55: Ucayali
A56: - | B56: 31-E | C56: Licencia | D56: Mes | E56: F2 | F56: Bls | O56: 0 | P56: 0 | Q56: 0 | R56: 0.15 | S56: 0 | T56: 0.0375
A57: - | B57: 192 | C57: Servicios | D57: Mes | E57: F1 | F57: Bls | O57: 0 | P57: 0 | Q57: 0 | R57: 0.15 | S57: 0 | T57: 0.0375
A58: - | B58: 8 | C58: Licencia | D58: Quincena | E58: F2 | F58: Bls | O58: 0 | P58: 0 | Q58: 0 | R58: 0.15 | S58: 0 | T58: 0.0375
A59: - | B59: 8 - Crudo Corrientes | C59: Licencia | D59: Quincena | E59: F2 | F59: Bls | O59: 0 | P59: 0 | Q59: 0 | R59: 0.15 | S59: 0 | T59: 0.0375
A60: - | B60: 31-B | C60: Licencia | D60: Quincena | E60: F2 | F60: Bls | O60: 0 | P60: 0 | Q60: 0 | R60: 0.15 | S60: 0 | T60: 0.0375
A61: - | B61: 31-C GAS | C61: Licencia | D61: Quincena | E61: F2 | F61: MM BTU | G61: 255689.27 | H61: 238299.64 | I61: 3.6758 | J61: 3.6855 | N61: 560.3108 | O61: 1817555.6 | P61: 340791.68 | Q61: 68158.34 | R61: 0.0375 | S61: 272633.34 | T61: 0.15
A62: - | B62: 31-C LGN (*) | C62: Licencia | D62: Quincena | E62: F3 | F62: Bls | G62: 3767 | H62: 4899 | I62: 75.5235 | J62: 76.3007 | N62: 2539.065 | O62: 655755.09 | P62: 122954.08 | Q62: 24590.82 | R62: 0.0375 | S62: 98363.26 | T62: 0.15
A63: - | B63: 31-C COND | C63: Licencia | D63: Quincena | E63: F2 | F63: Bls | O63: 0 | P63: 0 | Q63: 0 | R63: 0.0375 | S63: 0 | T63: 0.15
A64: - | B64: 102 | C64: Licencia | D64: Quincena | E64: F2 | F64: Bls | O64: 0 | P64: 0 | Q64: 0 | R64: 0.15 | S64: 0 | T64: 0.0375
A65: - | B65: 95 | C65: Licencia | D65: Quincena | E65: F2 | F65: Bls | G65: 198715 | H65: 126326 | I65: 84.2612 | J65: 84.4173 | N65: 5986.7338 | O65: 27402077 | P65: 5137889.5 | Q65: 4110311.6 | R65: 0.15 | S65: 1027577.9 | T65: 0.0375
A66: - | B66: 67 | C66: Licencia | D66: Quincena | E66: F2 | F66: Bls | G66: 35670 | H66: 29042 | I66: 62.3003 | J66: 62.2776 | N66: 4144.2777 | O66: 4026773.5 | P66: 755020.03 | Q66: 604016.02 | R66: 0.15 | S66: 151004.01 | T66: 0.0375
A67: - | B67: Ajustes meses anteriores (3) | O67: 0 | P67: 0 | Q67: 0 | S67: 0
B68: Subtotal | C68: Loreto / Ucayali US$ | O68: 33902162 | P68: 6356655.3 | Q68: 4807076.8 | S68: 1549578.5
C69: Loreto / Ucayali S/. | P69: 24454053 | Q69: 18492824 | S69: 5961228.5
A70: Cusco | P70: V. Regalías | Q70: Cusco
A71: - | B71: 88 LGN | C71: Licencia | D71: Quincena | E71: F4 | F71: Bls | G71: 698008 | H71: 709508 | I71: 61.3247 | J71: 58.1081 | O71: 84033293 | P71: 31293998 | Q71: 15646999 | R71: 0.5
A72: - | B72: 88 GAS | C72: Licencia | D72: Quincena | E72: F4 | F72: MM BTU | G72: 13022285 | H72: 13550077 | I72: 2.2883 | J72: 2.2883 | K72: 2.2883 | L72: 2.2883 | O72: 60805538 | P72: 22643982 | Q72: 11321991 | R72: 0.5
A73: - | B73: 88 GAS -Mlocal | C73: Licencia | D73: Quincena | E73: F4 | F73: MM BTU | H73: 10382.27 | J73: 3.0875 | O73: 32055.259 | P73: 11937.38 | Q73: 5968.69 | R73: 0.5
A74: - | B74: 88 GAS -PM | C74: Licencia | D74: Quincena | E74: F4 | F74: MM BTU | G74: 124106.98 | H74: 884795.68 | I74: 22.7 | J74: 23.489 | O74: 23600194 | P74: 8968073.8 | Q74: 4484036.9 | R74: 0.5
A75: - | B75: 56 LGN | C75: Licencia | D75: Quincena | E75: F4 | F75: Bls | G75: 257928 | H75: 317493 | I75: 61.3067 | J75: 58.0383 | O75: 34239468 | P75: 13695787 | Q75: 6847893.7 | R75: 0.5
A76: - | B76: 56 GAS | C76: Licencia | D76: Quincena | E76: F4 | F76: MM BTU | G76: 173296.46 | H76: 1194692.1 | I76: 22.7 | J76: 23.489 | O76: 31995952 | P76: 12158462 | Q76: 6079230.9 | R76: 0.5
A77: - | B77: 56 GAS-Mlocal | C77: Licencia | D77: Quincena | E77: F4 | F77: MM BTU | G77: 7203.1 | H77: 66429 | I77: 2.1417 | J77: 2.1417 | O77: 157697.87 | P77: 58726.69 | Q77: 29363.35 | R77: 0.5
A78: - | B78: 57 LGN | C78: Licencia | D78: Quincena | E78: F4 | F78: Bls | H78: 71663 | I78: 0 | J78: 53.0552 | O78: 3802094.8 | P78: 213677.73 | Q78: 106838.86 | R78: 0.5
A79: - | B79: 57 GAS | C79: Licencia | D79: Quincena | E79: F4 | F79: MM BTU | H79: 1163485.4 | I79: 0 | J79: 9.174 | O79: 10673815 | P79: 858174.75 | Q79: 429087.37 | R79: 0.5
A80: - | B80: Ajustes meses anteriores (4) | O80: 1.4527044e+08 | P80: 42016589 | Q80: 21008295
B81: Subtotal | C81: Cusco US$ | G81: 180499.56 | H81: 1261121.1 | O81: 3.9461055e+08 | P81: 1.3191941e+08 | Q81: 65959705
C82: Cusco S/. | G82: 21.879591 | H82: 22.36454 | Q82: 2.5374698e+08
A83: Total General | G83: 3949256.5 | H83: 28204393 | I83: 32153650 | J83: 32153650 | K83: 0 | M83: 0 | N83: 44582.524 | O83: 5.227562e+08 | P83: 89849260 | Q83: 3.456501e+08
A85: (*) | B85: Determinación de Canasta de los Líquidos de Gas Natural (VLGNF) | H85: = ( VC * %P + (PB - TF - TT) * (1 - %P))
B86: Simbolo | C86: Descripcion | E86: 1ra. Q | F86: 2da. Q | H86: 1ra. Q
B87: VC | C87: Canasta de Petróleo | E87: 108.1678 | F87: 107.996 | H87: = (108.1678 * 63.36% + (58.9135 - 0.0000 - 21.2630) * (1 - 63.36%)) | M87: 0.0622 | N87: 0.064199999
B88: PB | C88: Precio del GLP | E88: 58.9135 | F88: 59.1002 | H88: 75.52348 | M88: 0.0942 | N88: 0.0989
B89: TF | C89: Tarifa de Fraccionam. | M89: 0.4 | N89: 0.4
B90: %P | C90: % Contenido Pentanos | E90: 0.6336 | F90: 0.6471 | H90: 2da. Q | M90: 0.38
B91: QLGNF | C91: Volumen de LGN | H91: = (107.9960 * 64.71% + (59.1002 - 0.0000 - 21.2630) * (1 - 64.71%))
B92: TT | C92: Tarifa de Transporte | E92: 21.263 | F92: 21.263 | H92: 76.300734
A93: (*) Crudo Garantia de Interoil

Sheet Ago
A1: Período de Cálculo: | E1: 44774 | F1: 3.871
A2: PERUPETRO S.A.
A3: DETERMINACION DEL CANON, SOBRECANON y PARTICIPACION (US$)
A4: Correspondiente a Agosto 2022
A5: Tipo de Cambio= 3.871
A7: Localidad | C7: Modalidad de Contrato | D7: Calculo del Canon | F7: Volumen Producción / Venta | I7: Canasta o Valor Venta (US$/Unidad) | K7: Deducción de Gastos para determinación de valor de producción en Punto de Fiscalización (US$) | O7: Valor de la Producción (US$) | P7: Canon y Sobrecanon / Participación (US$)
A8: - Lote | D8: Período | E8: Fórmula | F8: Unidades | G8: 1ra. Q | H8: 2da. Q / Mes | I8: 1ra. Q | J8: 2da. Q / Mes | K8: Flete Marítimo | L8: Comercialización | M8: Oleoducto | N8: Fiscalización | P8: Total | Q8: Localidad 1 | S8: Localidad 2
A9: Piura / Tumbes | Q9: Piura | S9: Tumbes
A10: - | B10: I | C10: Servicios | D10: Mes | E10: F1 | F10: Bls | O10: 0 | P10: 0 | Q10: 0 | R10: 0.15 | S10: 0 | T10: 0.0375
A11: - | B11: I GAS | C11: Servicios | D11: Mes | E11: F1 | F11: MM BTU | O11: 0 | P11: 0 | Q11: 0 | R11: 0.15 | S11: 0 | T11: 0.0375
A12: - | B12: I (T) | C12: Licencia | D12: Quincena | E12: F1 | F12: Bls | G12: 5220 | H12: 9197 | I12: 98.0823 | J12: 95.8076 | N12: 298.6764 | O12: 1392833.4 | P12: 261156.27 | Q12: 208925.02 | R12: 0.15 | S12: 52231.25 | T12: 0.0375
A13: - | B13: I GAS (T) | C13: Licencia | D13: Quincena | E13: F1 | F13: MM BTU | G13: 47113.74 | H13: 51109.61 | I13: 3 | J13: 3 | N13: 840.0234 | O13: 293830.03 | P13: 55093.13 | Q13: 44074.5 | R13: 0.15 | S13: 11018.63 | T13: 0.0375
A14: - | B14: II | C14: Licencia | D14: Quincena | E14: F2 | F14: Bls | G14: 5067 | H14: 5504 | I14: 98.4732 | J14: 95.587 | N14: 774.6899 | O14: 1024299.9 | P14: 192056.22 | Q14: 153644.98 | R14: 0.15 | S14: 38411.24 | T14: 0.0375
A15: - | B15: II-GAS | C15: Servicios | D15: Mes | E15: F1 | F15: MM BTU | G15: 26200.45 | H15: 11116.5 | I15: 2.6775 | J15: 2.6775 | N15: 826.0266 | O15: 99090.103 | P15: 18579.39 | Q15: 14863.52 | R15: 0.15 | S15: 3715.87 | T15: 0.0375
A16: - | B16: III | C16: Licencia | D16: Quincena | E16: F2 | F16: Bls | G16: 8077 | H16: 12169 | I16: 98.0823 | J16: 95.8076 | N16: 550.6826 | O16: 1957542.7 | P16: 367039.26 | Q16: 293631.41 | R16: 0.15 | S16: 73407.85 | T16: 0.0375
A17: - | B17: IV | C17: Licencia | D17: Quincena | E17: F2 | F17: Bls | G17: 38066 | H17: 40315 | I17: 98.0823 | J17: 95.8076 | N17: 1423.3768 | O17: 7594660.8 | P17: 1423998.9 | Q17: 1139199.1 | R17: 0.15 | S17: 284799.78 | T17: 0.0375
A18: - | B18: III (T) | C18: Licencia | D18: Quincena | E18: F2 | F18: Bls | O18: 0 | P18: 0 | Q18: 0 | R18: 0.15 | S18: 0 | T18: 0.0375
A19: - | B19: IV (T) | C19: Licencia | D19: Quincena | E19: F2 | F19: Bls | O19: 0 | P19: 0 | Q19: 0 | R19: 0.15 | S19: 0 | T19: 0.0375
A20: - | B20: IV-GAS | C20: Licencia | D20: Quincena | E20: F2 | F20: Bls | G20: 57459.4 | H20: 62963.65 | I20: 3.7058 | J20: 3.7058 | O20: 446263.73 | P20: 83674.45 | Q20: 66939.56 | R20: 0.15 | S20: 16734.89 | T20: 0.0375
A21: - | B21: V | C21: Servicios | D21: Mes | E21: F1 | F21: Bls | H21: 3542 | J21: 96.8908 | N21: 653.3533 | O21: 342533.86 | P21: 64225.1 | Q21: 51380.08 | R21: 0.15 | S21: 12845.02 | T21: 0.0375
A22: - | B22: VII/VI | C22: Licencia | D22: Quincena | E22: F2 | F22: Bls | G22: 49341 | H22: 59637 | I22: 97.5323 | J22: 95.2576 | N22: 3966.7848 | O22: 10489252 | P22: 1966734.7 | Q22: 1573387.8 | R22: 0.15 | S22: 393346.95 | T22: 0.0375
A23: - | B23: VII | C23: Servicios | D23: Mes | E23: F1 | F23: Bls | O23: 0 | P23: 0 | Q23: 0 | R23: 0.15 | S23: 0 | T23: 0.0375
A24: - | B24: VII/VI-GAS | C24: Licencia | D24: Quincena | E24: F2 | F24: MM BTU | G24: 71811.73 | H24: 46496.32 | I24: 2.8001 | J24: 2.8001 | N24: 928.6946 | O24: 330345.69 | P24: 61939.82 | Q24: 49551.85 | R24: 0.15 | S24: 12387.96 | T24: 0.0375
A25: - | B25: IX | C25: Licencia | D25: Quincena | E25: F2 | F25: Bls | G25: 1888 | H25: 2766 | I25: 98.0823 | J25: 95.8076 | N25: 322.0089 | O25: 449861.19 | P25: 84348.97 | Q25: 67479.18 | R25: 0.15 | S25: 16869.79 | T25: 0.0375
A26: - | B26: X | C26: Licencia | D26: Quincena | E26: F2 | F26: Bls | G26: 166915 | H26: 179077 | I26: 98.0823 | J26: 95.8076 | N26: 4965.4768 | O26: 33523379 | P26: 6285633.6 | Q26: 5028506.9 | R26: 0.15 | S26: 1257126.7 | T26: 0.0375
A27: - | B27: X-GAS | C27: Licencia | D27: Mes | E27: F2 | F27: MM BTU | G27: 251626.67 | H27: 274037.4 | I27: 2.4953 | J27: 2.4953 | N27: 980.0287 | O27: 1310709.5 | P27: 245758.04 | Q27: 196606.43 | R27: 0.15 | S27: 49151.61 | T27: 0.0375
A28: - | B28: XIV | C28: Licencia | D28: Mes | E28: F2 | F28: Bls | O28: 0 | P28: 0 | Q28: 0 | R28: 0.15 | S28: 0 | T28: 0.0375
A29: - | B29: XV | C29: Licencia | D29: Quincena | E29: F2 | F29: Bls | G29: 373 | H29: 554 | I29: 97.81 | J29: 96.8509 | N29: 350.0104 | O29: 89788.52 | P29: 16835.35 | Q29: 13468.28 | R29: 0.15 | S29: 3367.07 | T29: 0.0375
A30: - | B30: XIII Crudo | C30: Licencia | D30: Quincena | E30: F2 | F30: Bls | G30: 24581 | H30: 25600 | I30: 95.6923 | J30: 93.4176 | N30: 3336.7639 | O30: 4740366.2 | P30: 888818.67 | Q30: 711054.93 | R30: 0.15 | S30: 177763.73 | T30: 0.0375
A31: - | B31: XIII COND | C31: Licencia | D31: Quincena | E31: F2 | F31: Bls | O31: 0 | P31: 0 | Q31: 0 | R31: 0.15 | S31: 0 | T31: 0.0375
A32: - | B32: XIII Gas - A | C32: Licencia | D32: Quincena | E32: F2 | F32: MM BTU | G32: 170942.27 | H32: 178616.2 | I32: 1.61 | J32: 1.61 | N32: 1386.0396 | O32: 561403.09 | P32: 105263.08 | Q32: 84210.46 | R32: 0.15 | S32: 21052.62 | T32: 0.0375
A33: - | B33: XIII Gas - B | C33: Licencia | D33: Quincena | E33: F2 | F33: MM BTU | G33: 85251.41 | H33: 28341.96 | I33: 3.7766 | J33: 4.187 | O33: 440628.27 | P33: 82617.8 | Q33: 66094.24 | R33: 0.15 | S33: 16523.56 | T33: 0.0375
A34: - | B34: XIII Llantera | C34: Licencia | D34: Quincena | E34: F2 | F34: MM BTU | O34: 0 | P34: 0 | Q34: 0 | R34: 0.15 | S34: 0 | T34: 0.0375
A35: - | B35: XIII Gas Expectativa | C35: Licencia | D35: Quincena | E35: F2 | F35: MM BTU | O35: 0 | P35: 0 | Q35: 0 | R35: 0.15 | S35: 0 | T35: 0.0375
A36: - | B36: XIII Gas Paita | C36: Licencia | D36: Quincena | E36: F2 | F36: MM BTU | G36: 16984 | H36: 20511.03 | I36: 3.6523 | J36: 3.3908 | O36: 131579.46 | P36: 24671.15 | Q36: 19736.92 | R36: 0.15 | S36: 4934.23 | T36: 0.0375
A37: - | B37: XIII Gas Efe-01 | C37: Licencia | D37: Quincena | E37: F2 | F37: MM BTU | G37: 19564.149 | H37: 80153.231 | I37: 3.4126 | J37: 3.5 | O37: 347300.93 | P37: 65118.92 | Q37: 52095.14 | R37: 0.15 | S37: 13023.78 | T37: 0.0375
A38: - | B38: XIII Gas Efe-02 | C38: Licencia | D38: Quincena | E38: F2 | F38: MM BTU | G38: 1684.0881 | H38: 3465.4068 | I38: 3 | J38: 3 | O38: 15448.48 | P38: 2896.59 | Q38: 2317.27 | R38: 0.15 | S38: 579.32 | T38: 0.0375
A39: - | B39: Z-2B | C39: Servicios | D39: Mes | E39: F1 | F39: Bls | H39: 160495 | J39: 97.7409 | N39: 1073.3663 | O39: 15685852 | P39: 2941097.3 | Q39: 2352877.9 | R39: 0.15 | S39: 588219.46 | T39: 0.0375
A40: - | B40: Z-2B GAS | C40: Servicios | D40: Mes | E40: F1 | F40: MM BTU | H40: 444145.65 | J40: 8.7366 | N40: 942.6941 | O40: 3879380.2 | P40: 727383.79 | Q40: 581907.03 | R40: 0.15 | S40: 145476.76 | T40: 0.0375
A41: - | B41: XX | C41: Licencia | D41: Quincena | E41: F2 | F41: Bls | G41: 147 | H41: 188 | I41: 98.0823 | J41: 95.8076 | N41: 205.3387 | O41: 32224.591 | P41: 6042.11 | Q41: 1208.42 | R41: 0.0375 | S41: 4833.69 | T41: 0.15
A42: - | B42: Z1 Crudo | C42: Licencia | D42: Quincena | E42: F2 | F42: Bls | O42: 0 | P42: 0 | Q42: 0 | R42: 0.0375 | S42: 0 | T42: 0.15
A43: - | B43: Z1 Gas | C43: Licencia | D43: Quincena | E43: F2 | F43: MM BTU | O43: 0 | P43: 0 | Q43: 0 | R43: 0.0375 | S43: 0 | T43: 0.15
A44: - | B44: Z-2B - LGN | C44: Servicios | D44: Mes | E44: F1 | F44: Bls | H44: 16484 | J44: 89.1128 | N44: 1026.6962 | O44: 1467908.7 | P44: 275232.88 | Q44: 220186.31 | R44: 0.15 | S44: 55046.58 | T44: 0.0375
A45: - | B45: Z-6 | C45: Licencia | D45: Quincena | E45: F2 | F45: MM BTU | O45: 0 | P45: 0 | Q45: 0 | R45: 0.15 | S45: 0 | T45: 0.0375
A46: - | B46: Ajustes meses anteriores (1) | O46: -29361.31 | P46: -5505.24 | Q46: -4404.2 | S46: -1101.03
B47: Subtotal | C47: Piura / Tumbes US$ | O47: 86617122 | P47: 16240710 | Q47: 12988943 | S47: 3251767.3
C48: Piura / Tumbes S/. | O48: 3.3529488e+08 | P48: 62867790 | Q48: 50280198 | S48: 12587591
A49: Provincia Puerto Inca Huanuco | Q49: Puerto Inca
A50: - | B50: 31-D | C50: Licencia | D50: Quincena | E50: F2 | F50: Bls | O50: 0 | P50: 0 | Q50: 0 | R50: 0.15
A51: - | B51: 131 | C51: Licencia | D51: Quincena | E51: F2 | F51: Bls | G51: 17384 | H51: 18339 | I51: 88.4785 | J51: 86.1089 | N51: 4134.7863 | O51: 3113126.6 | P51: 466968.99 | Q51: 466968.99 | R51: 0.15
A52: - | B52: Ajustes meses anteriores (2) | O52: 0 | P52: 0 | Q52: 0 | S52: 0
B53: Subtotal | C53: Provincia Puerto Inca Huanuco US$ | O53: 3113126.6 | P53: 466968.99 | Q53: 466968.99 | S53: 0
C54: Provincia Puerto Inca Huanuco S/. | P54: 1807637 | Q54: 1807637 | S54: 0
A55: Loreto / Ucayali | Q55: Loreto | S55: Ucayali
A56: - | B56: 31-E | C56: Licencia | D56: Mes | E56: F2 | F56: Bls | O56: 0 | P56: 0 | Q56: 0 | R56: 0.15 | S56: 0 | T56: 0.0375
A57: - | B57: 192 | C57: Servicios | D57: Mes | E57: F1 | F57: Bls | O57: 0 | P57: 0 | Q57: 0 | R57: 0.15 | S57: 0 | T57: 0.0375
A58: - | B58: 8 | C58: Licencia | D58: Quincena | E58: F2 | F58: Bls | O58: 0 | P58: 0 | Q58: 0 | R58: 0.15 | S58: 0 | T58: 0.0375
A59: - | B59: 8 - Crudo Corrientes | C59: Licencia | D59: Quincena | E59: F2 | F59: Bls | O59: 0 | P59: 0 | Q59: 0 | R59: 0.15 | S59: 0 | T59: 0.0375
A60: - | B60: 31-B | C60: Licencia | D60: Quincena | E60: F2 | F60: Bls | O60: 0 | P60: 0 | Q60: 0 | R60: 0.15 | S60: 0 | T60: 0.0375
A61: - | B61: 31-C GAS | C61: Licencia | D61: Quincena | E61: F2 | F61: MM BTU | G61: 47574.85 | H61: 338859.7 | I61: 3.6862 | J61: 3.6907 | N61: 518.0146 | O61: 1425481.9 | P61: 267277.85 | Q61: 53455.57 | R61: 0.0375 | S61: 213822.28 | T61: 0.15
A62: - | B62: 31-C LGN (*) | C62: Licencia | D62: Quincena | E62: F3 | F62: Bls | G62: 4081 | H62: 4105 | I62: 70.1821 | J62: 66.8846 | N62: 2347.4023 | O62: 558627.03 | P62: 104742.57 | Q62: 20948.51 | R62: 0.0375 | S62: 83794.05 | T62: 0.15
A63: - | B63: 31-C COND | C63: Licencia | D63: Quincena | E63: F2 | F63: Bls | O63: 0 | P63: 0 | Q63: 0 | R63: 0.0375 | S63: 0 | T63: 0.15
A64: - | B64: 102 | C64: Licencia | D64: Quincena | E64: F2 | F64: Bls | O64: 0 | P64: 0 | Q64: 0 | R64: 0.15 | S64: 0 | T64: 0.0375
A65: - | B65: 95 | C65: Licencia | D65: Quincena | E65: F2 | F65: Bls | G65: 184933 | H65: 274430 | I65: 80.137 | J65: 80.5074 | N65: 5534.8228 | O65: 36908087 | P65: 6920266.3 | Q65: 5536213 | R65: 0.15 | S65: 1384053.2 | T65: 0.0375
A66: - | B66: 67 | C66: Licencia | D66: Quincena | E66: F2 | F66: Bls | G66: 17879 | H66: 22248 | I66: 58.1419 | J66: 58.4386 | N66: 3831.4461 | O66: 2335829.6 | P66: 437968.04 | Q66: 350374.43 | R66: 0.15 | S66: 87593.61 | T66: 0.0375
A67: - | B67: Ajustes meses anteriores (3) | O67: 0 | P67: 0 | Q67: 0 | S67: 0
B68: Subtotal | C68: Loreto / Ucayali US$ | O68: 41228025 | P68: 7730254.7 | Q68: 5960991.5 | S68: 1769263.2
C69: Loreto / Ucayali S/. | P69: 29923816 | Q69: 23074998 | S69: 6848817.8
A70: Cusco | P70: V. Regalías | Q70: Cusco
A71: - | B71: 88 LGN | C71: Licencia | D71: Quincena | E71: F4 | F71: Bls | G71: 608330 | H71: 688602 | I71: 56.3662 | J71: 56.129 | O71: 72939792 | P71: 27162779 | Q71: 13581389 | R71: 0.5
A72: - | B72: 88 GAS | C72: Licencia | D72: Quincena | E72: F4 | F72: MM BTU | G72: 12923912 | H72: 14141755 | I72: 2.2745 | J72: 2.2745 | O72: 61560859 | P72: 22925264 | Q72: 11462632 | R72: 0.5
A73: - | B73: 88 GAS -Mlocal | C73: Licencia | D73: Quincena | E73: F4 | F73: MM BTU | G73: 20210.48 | H73: 0 | I73: 3.1639 | J73: 0 | O73: 63943.938 | P73: 23812.72 | Q73: 11906.36 | R73: 0.5
A74: - | B74: 88 GAS -PM | C74: Licencia | D74: Quincena | E74: F4 | F74: MM BTU | G74: 641529.94 | H74: 216323.46 | I74: 19.318 | J74: 34.872 | O74: 19936707 | P74: 7575948.7 | Q74: 3787974.3 | R74: 0.5
A75: - | B75: 56 LGN | C75: Licencia | D75: Quincena | E75: F4 | F75: Bls | G75: 160022 | I75: 56.2696 | O75: 9004373.9 | P75: 3601749.6 | Q75: 1800874.8 | R75: 0.5
A76: - | B76: 56 GAS | C76: Licencia | D76: Quincena | E76: F4 | F76: MM BTU | G76: 3516488.6 | I76: 19.318 | O76: 67931527 | P76: 25813980 | Q76: 12906990 | R76: 0.5
A77: - | B77: 56 GAS-Mlocal | C77: Licencia | D77: Quincena | E77: F4 | F77: MM BTU | G77: 157947.44 | I77: 2.1559 | O77: 340518.89 | P77: 126809.23 | Q77: 63404.62 | R77: 0.5
A78: - | B78: 57 LGN | C78: Licencia | D78: Quincena | E78: F4 | F78: Bls | G78: 134578 | H78: 0 | I78: 48.4446 | O78: 6519577.4 | P78: 400302.05 | Q78: 200151.03 | R78: 0.5
A79: - | B79: 57 GAS | C79: Licencia | D79: Quincena | E79: F4 | F79: MM BTU | G79: 2164450.2 | H79: 0 | I79: 16.783 | O79: 36325967 | P79: 3411008.3 | Q79: 1705504.2 | R79: 0.5
A80: - | B80: Ajustes meses anteriores (4) | O80: 4272909.2 | P80: -4524793.8 | Q80: -2262396.9
B81: Subtotal | C81: Cusco US$ | O81: 2.7889618e+08 | P81: 86516859 | Q81: 43258430
C82: Cusco S/. | G82: 18.580279 | H82: #DIV/0! | Q82: 1.6745338e+08
A83: Total General | G83: 0 | H83: #DIV/0! | I83: #DIV/0! | J83: 68272045 | K83: #DIV/0! | M83: 0 | N83: 41217.204 | O83: 4.0985445e+08 | P83: 67696364 | Q83: 2.6205262e+08
A85: (*) | B85: Determinación de Canasta de los Líquidos de Gas Natural (VLGNF) | H85: = ( VC * %P + (PB - TF - TT) * (1 - %P)) | O85: 3.0994382e+08
B86: Simbolo | C86: Descripcion | E86: 1ra. Q | F86: 2da. Q | H86: 1ra. Q | O86: -99910626
B87: VC | C87: Canasta de Petróleo | E87: 99.4597 | F87: 96.665 | H87: = (99.4597 * 62.79% + (58.1089 - 21.2630 - 0.0000) * (1 - 62.79%)) | M87: 0.0622 | N87: 0.064199999
B88: PB | C88: Precio del GLP | E88: 58.1089 | F88: 55.903 | H88: 70.182147 | M88: 0.0942 | N88: 0.0989
B89: TF | C89: Tarifa de Fraccionam. | E89: 21.263 | F89: 21.263 | M89: 0.4 | N89: 0.4
B90: %P | C90: % Contenido Pentanos | E90: 0.6279 | F90: 0.6096 | H90: 2da. Q | M90: 0.38
B91: QLGNF | C91: Volumen de LGN | H91: = (96.6650 * 60.96% + (55.9030 - 21.2630 - 0.0000) * (1 - 60.96%))
B92: TT | C92: Tarifa de Transporte | H92: 66.884589
A94: (*) Crudo Garantia de Interoil

Sheet Set
A1: Período de Cálculo: | E1: 44805 | F1: 3.985
A2: PERUPETRO S.A.
A3: DETERMINACION DEL CANON, SOBRECANON y PARTICIPACION (US$)
A4: Correspondiente a Setiembre 2022
A5: Tipo de Cambio= 3.985
A7: Localidad | C7: Modalidad de Contrato | D7: Calculo del Canon | F7: Volumen Producción / Venta | I7: Canasta o Valor Venta (US$/Unidad) | K7: Deducción de Gastos para determinación de valor de producción en Punto de Fiscalización (US$) | O7: Valor de la Producción (US$) | P7: Canon y Sobrecanon / Participación (US$)
A8: - Lote | D8: Período | E8: Fórmula | F8: Unidades | G8: 1ra. Q | H8: 2da. Q / Mes | I8: 1ra. Q | J8: 2da. Q / Mes | K8: Flete Marítimo | L8: Comercialización | M8: Oleoducto | N8: Fiscalización | P8: Total | Q8: Localidad 1 | S8: Localidad 2
A9: Piura / Tumbes | Q9: Piura | S9: Tumbes
A10: - | B10: I | C10: Servicios | D10: Mes | E10: F1 | F10: Bls | O10: 0 | P10: 0 | Q10: 0 | R10: 0.15 | S10: 0 | T10: 0.0375
A11: - | B11: I GAS | C11: Servicios | D11: Mes | E11: F1 | F11: MM BTU | O11: 0 | P11: 0 | Q11: 0 | R11: 0.15 | S11: 0 | T11: 0.0375
A12: - | B12: I (T) | C12: Licencia | D12: Quincena | E12: F1 | F12: Bls | G12: 5639 | H12: 9694 | I12: 90.7476 | J12: 86.7098 | N12: 288.4538 | O12: 1352002.1 | P12: 253500.39 | Q12: 202800.31 | R12: 0.15 | S12: 50700.08 | T12: 0.0375
A13: - | B13: I GAS (T) | C13: Licencia | D13: Quincena | E13: F1 | F13: MM BTU | G13: 50554.3 | H13: 50637.98 | I13: 3 | J13: 3 | N13: 811.2776 | O13: 302765.56 | P13: 56768.54 | Q13: 45414.83 | R13: 0.15 | S13: 11353.71 | T13: 0.0375
A14: - | B14: II | C14: Licencia | D14: Quincena | E14: F2 | F14: Bls | G14: 4881 | H14: 4815 | I14: 90.6448 | J14: 85.9365 | N14: 748.1802 | O14: 855473.34 | P14: 160401.25 | Q14: 128321 | R14: 0.15 | S14: 32080.25 | T14: 0.0375
A15: - | B15: II-GAS | C15: Servicios | D15: Mes | E15: F1 | F15: MM BTU | G15: 5350.47 | H15: 6772.47 | I15: 2.6775 | J15: 2.6775 | N15: 797.756 | O15: 31661.414 | P15: 5936.52 | Q15: 4749.22 | R15: 0.15 | S15: 1187.3 | T15: 0.0375
A16: - | B16: III | C16: Licencia | D16: Quincena | E16: F2 | F16: Bls | G16: 8586 | H16: 11644 | I16: 90.7476 | J16: 86.7098 | N16: 531.8373 | O16: 1788276 | P16: 335301.74 | Q16: 268241.39 | R16: 0.15 | S16: 67060.35 | T16: 0.0375
A17: - | B17: IV | C17: Licencia | D17: Quincena | E17: F2 | F17: Bls | G17: 32967 | H17: 41110 | I17: 90.7476 | J17: 86.7098 | N17: 1374.6662 | O17: 6554941.3 | P17: 1229051.5 | Q17: 983241.2 | R17: 0.15 | S17: 245810.3 | T17: 0.0375
A18: - | B18: III (T) | C18: Licencia | D18: Quincena | E18: F2 | F18: Bls | O18: 0 | P18: 0 | Q18: 0 | R18: 0.15 | S18: 0 | T18: 0.0375
A19: - | B19: IV (T) | C19: Licencia | D19: Quincena | E19: F2 | F19: Bls | O19: 0 | P19: 0 | Q19: 0 | R19: 0.15 | S19: 0 | T19: 0.0375
A20: - | B20: IV-GAS | C20: Licencia | D20: Quincena | E20: F2 | F20: Bls | G20: 24265.3 | H20: 38794.29 | I20: 3.5801 | J20: 3.5801 | O20: 225759.64 | P20: 42329.93 | Q20: 33863.95 | R20: 0.15 | S20: 8465.99 | T20: 0.0375
A21: - | B21: V | C21: Servicios | D21: Mes | E21: F1 | F21: Bls | H21: 3236 | J21: 88.8248 | N21: 630.994 | O21: 286806.06 | P21: 53776.14 | Q21: 43020.91 | R21: 0.15 | S21: 10755.23 | T21: 0.0375
A22: - | B22: VII/VI | C22: Licencia | D22: Quincena | E22: F2 | F22: Bls | G22: 49112 | H22: 54310 | I22: 90.1976 | J22: 86.1598 | N22: 3831.0341 | O22: 9105292.2 | P22: 1707242.3 | Q22: 1365793.8 | R22: 0.15 | S22: 341448.46 | T22: 0.0375
A23: - | B23: VII | C23: Servicios | D23: Mes | E23: F1 | F23: Bls | O23: 0 | P23: 0 | Q23: 0 | R23: 0.15 | S23: 0 | T23: 0.0375
A24: - | B24: VII/VI-GAS | C24: Licencia | D24: Quincena | E24: F2 | F24: MM BTU | G24: 43720.92 | H24: 42767.79 | I24: 2.8146 | J24: 2.8146 | N24: 896.9127 | O24: 242534.21 | P24: 45475.16 | Q24: 36380.13 | R24: 0.15 | S24: 9095.03 | T24: 0.0375
A25: - | B25: IX | C25: Licencia | D25: Quincena | E25: F2 | F25: Bls | G25: 1847 | H25: 2724 | I25: 90.7476 | J25: 86.7098 | N25: 310.9915 | O25: 403497.33 | P25: 75655.75 | Q25: 60524.6 | R25: 0.15 | S25: 15131.15 | T25: 0.0375
A26: - | B26: X | C26: Licencia | D26: Quincena | E26: F2 | F26: Bls | G26: 170534 | H26: 170586 | I26: 90.7476 | J26: 86.7098 | N26: 4795.5572 | O26: 30262234 | P26: 5674168.8 | Q26: 4539335 | R26: 0.15 | S26: 1134833.8 | T26: 0.0375
A27: - | B27: X-GAS | C27: Licencia | D27: Mes | E27: F2 | F27: MM BTU | G27: 261905.26 | H27: 264621.45 | I27: 2.4953 | J27: 2.4953 | N27: 946.4935 | O27: 1312895.6 | P27: 246167.93 | Q27: 196934.34 | R27: 0.15 | S27: 49233.59 | T27: 0.0375
A28: - | B28: XIV | C28: Licencia | D28: Mes | E28: F2 | F28: Bls | O28: 0 | P28: 0 | Q28: 0 | R28: 0.15 | S28: 0 | T28: 0.0375
A29: - | B29: XV | C29: Licencia | D29: Quincena | E29: F2 | F29: Bls | G29: 326 | H29: 438 | I29: 90.7045 | J29: 85.5538 | N29: 338.0346 | O29: 66704.195 | P29: 12507.04 | Q29: 10005.63 | R29: 0.15 | S29: 2501.41 | T29: 0.0375
A30: - | B30: XIII Crudo | C30: Licencia | D30: Quincena | E30: F2 | F30: Bls | G30: 23625 | H30: 24317 | I30: 88.3876 | J30: 84.3498 | N30: 3222.5778 | O30: 4136068.6 | P30: 775512.86 | Q30: 620410.28 | R30: 0.15 | S30: 155102.57 | T30: 0.0375
A31: - | B31: XIII COND | C31: Licencia | D31: Quincena | E31: F2 | F31: Bls | O31: 0 | P31: 0 | Q31: 0 | R31: 0.15 | S31: 0 | T31: 0.0375
A32: - | B32: XIII Gas - A | C32: Licencia | D32: Quincena | E32: F2 | F32: MM BTU | G32: 158048.75 | H32: 125571.28 | I32: 1.61 | J32: 1.61 | N32: 1338.6094 | O32: 455289.64 | P32: 85366.81 | Q32: 68293.45 | R32: 0.15 | S32: 17073.36 | T32: 0.0375
A33: - | B33: XIII Gas - B | C33: Licencia | D33: Quincena | E33: F2 | F33: MM BTU | G33: 25900.31 | H33: 23080.2 | I33: 4.4258 | J33: 4.3798 | O33: 215716.25 | P33: 40446.8 | Q33: 32357.44 | R33: 0.15 | S33: 8089.36 | T33: 0.0375
A34: - | B34: XIII Llantera | C34: Licencia | D34: Quincena | E34: F2 | F34: MM BTU | O34: 0 | P34: 0 | Q34: 0 | R34: 0.15 | S34: 0 | T34: 0.0375
A35: - | B35: XIII Gas Expectativa | C35: Licencia | D35: Quincena | E35: F2 | F35: MM BTU | O35: 0 | P35: 0 | Q35: 0 | R35: 0.15 | S35: 0 | T35: 0.0375
A36: - | B36: XIII Gas Paita | C36: Licencia | D36: Quincena | E36: F2 | F36: MM BTU | G36: 19952.24 | H36: 23366.68 | I36: 3.3948 | J36: 3.4767 | O36: 148972.8 | P36: 27932.4 | Q36: 22345.92 | R36: 0.15 | S36: 5586.48 | T36: 0.0375
A37: - | B37: XIII Gas Efe-01 | C37: Licencia | D37: Quincena | E37: F2 | F37: MM BTU | G37: 133905.07 | H37: 86773.925 | I37: 3.2429 | J37: 3.2193 | O37: 713592.04 | P37: 133798.51 | Q37: 107038.81 | R37: 0.15 | S37: 26759.7 | T37: 0.0375
A38: - | B38: XIII Gas Efe-02 | C38: Licencia | D38: Quincena | E38: F2 | F38: MM BTU | G38: 3458.0743 | H38: 2985.2776 | I38: 3 | J38: 3.41 | O38: 20554.02 | P38: 3853.88 | Q38: 3083.1 | R38: 0.15 | S38: 770.78 | T38: 0.0375
A39: - | B39: Z-2B | C39: Servicios | D39: Mes | E39: F1 | F39: Bls | H39: 146527 | J39: 90.5709 | N39: 1036.634 | O39: 13270046 | P39: 2488133.5 | Q39: 1990506.8 | R39: 0.15 | S39: 497626.71 | T39: 0.0375
A40: - | B40: Z-2B GAS | C40: Servicios | D40: Mes | E40: F1 | F40: MM BTU | H40: 412088.72 | J40: 7.6092 | N40: 910.4342 | O40: 3134755.1 | P40: 587766.57 | Q40: 470213.26 | R40: 0.15 | S40: 117553.31 | T40: 0.0375
A41: - | B41: XX | C41: Licencia | D41: Quincena | E41: F2 | F41: Bls | G41: 211 | H41: 196 | I41: 90.7476 | J41: 86.7098 | N41: 198.3133 | O41: 35944.547 | P41: 6739.6 | Q41: 1347.92 | R41: 0.0375 | S41: 5391.68 | T41: 0.15
A42: - | B42: Z1 Crudo | C42: Licencia | D42: Quincena | E42: F2 | F42: Bls | O42: 0 | P42: 0 | Q42: 0 | R42: 0.0375 | S42: 0 | T42: 0.15
A43: - | B43: Z1 Gas | C43: Licencia | D43: Quincena | E43: F2 | F43: MM BTU | O43: 0 | P43: 0 | Q43: 0 | R43: 0.0375 | S43: 0 | T43: 0.15
A44: - | B44: Z-2B - LGN | C44: Servicios | D44: Mes | E44: F1 | F44: Bls | H44: 15416 | J44: 89.5136 | N44: 991.5612 | O44: 1378950.1 | P44: 258553.14 | Q44: 206842.51 | R44: 0.15 | S44: 51710.63 | T44: 0.0375
A45: - | B45: Z-6 | C45: Licencia | D45: Quincena | E45: F2 | F45: MM BTU | O45: 0 | P45: 0 | Q45: 0 | R45: 0.15 | S45: 0 | T45: 0.0375
A46: - | B46: Ajustes meses anteriores (1) | O46: -41662.058 | P46: -7811.62 | Q46: -6249.31 | S46: -1562.32
B47: Subtotal | C47: Piura / Tumbes US$ | O47: 76259069 | P47: 14298575 | Q47: 11434817 | S47: 2863758.9
C48: Piura / Tumbes S/. | P48: 56979823 | Q48: 45567744 | S48: 11412079
A49: Provincia Puerto Inca Huanuco | Q49: Puerto Inca
A50: - | B50: 31-D | C50: Licencia | D50: Quincena | E50: F2 | F50: Bls | O50: 0 | P50: 0 | Q50: 0 | R50: 0.15
A51: - | B51: 131 | C51: Licencia | D51: Quincena | E51: F2 | F51: Bls | G51: 16829 | H51: 16557 | I51: 81.1013 | J51: 76.9165 | N51: 3993.2932 | O51: 2634367 | P51: 395155.05 | Q51: 395155.05 | R51: 0.15
A52: - | B52: Ajustes meses anteriores (2)
B53: Subtotal | C53: Provincia Puerto Inca Huanuco US$ | O53: 2634367 | P53: 395155.05 | Q53: 395155.05 | S53: 0
C54: Provincia Puerto Inca Huanuco S/. | P54: 1574692.9 | Q54: 1574692.9 | S54: 0
A55: Loreto / Ucayali | Q55: Loreto | S55: Ucayali
A56: - | B56: 31-E | C56: Licencia | D56: Mes | E56: F2 | F56: Bls | O56: 0 | P56: 0 | Q56: 0 | R56: 0.15 | S56: 0 | T56: 0.0375
A57: - | B57: 192 | C57: Servicios | D57: Mes | E57: F1 | F57: Bls | O57: 0 | P57: 0 | Q57: 0 | R57: 0.15 | S57: 0 | T57: 0.0375
A58: - | B58: 8 | C58: Licencia | D58: Quincena | E58: F2 | F58: Bls | O58: 0 | P58: 0 | Q58: 0 | R58: 0.15 | S58: 0 | T58: 0.0375
A59: - | B59: 8 - Crudo Corrientes | C59: Licencia | D59: Quincena | E59: F2 | F59: Bls | O59: 0 | P59: 0 | Q59: 0 | R59: 0.15 | S59: 0 | T59: 0.0375
A60: - | B60: 31-B | C60: Licencia | D60: Quincena | E60: F2 | F60: Bls | O60: 0 | P60: 0 | Q60: 0 | R60: 0.15 | S60: 0 | T60: 0.0375
A61: - | B61: 31-C GAS | C61: Licencia | D61: Quincena | E61: F2 | F61: MM BTU | G61: 280971.62 | H61: 278168.98 | I61: 3.6936 | J61: 3.7016 | N61: 500.2887 | O61: 2066966.8 | P61: 387556.27 | Q61: 77511.25 | R61: 0.0375 | S61: 310045.02 | T61: 0.15
A62: - | B62: 31-C LGN (*) | C62: Licencia | D62: Quincena | E62: F3 | F62: Bls | G62: 3618 | H62: 3727 | I62: 64.2269 | J62: 61.3049 | N62: 2267.0733 | O62: 458589.21 | P62: 85985.48 | Q62: 17197.1 | R62: 0.0375 | S62: 68788.38 | T62: 0.15
A63: - | B63: 31-C COND | C63: Licencia | D63: Quincena | E63: F2 | F63: Bls | O63: 0 | P63: 0 | Q63: 0 | R63: 0.0375 | S63: 0 | T63: 0.15
A64: - | B64: 102 | C64: Licencia | D64: Quincena | E64: F2 | F64: Bls | O64: 0 | P64: 0 | Q64: 0 | R64: 0.15 | S64: 0 | T64: 0.0375
A65: - | B65: 95 | C65: Licencia | D65: Quincena | E65: F2 | F65: Bls | G65: 208586 | H65: 128085 | I65: 72.2094 | J65: 67.5788 | N65: 5345.4242 | O65: 23712355 | P65: 4446066.6 | Q65: 3556853.3 | R65: 0.15 | S65: 889213.32 | T65: 0.0375
A66: - | B66: 67 | C66: Licencia | D66: Quincena | E66: F2 | F66: Bls | G66: 23466 | H66: 16872 | I66: 50.7304 | J66: 45.851 | N66: 3700.3288 | O66: 1960337.3 | P66: 367563.25 | Q66: 294050.6 | R66: 0.15 | S66: 73512.65 | T66: 0.0375
A67: - | B67: Ajustes meses anteriores (3)
B68: Subtotal | C68: Loreto / Ucayali US$ | O68: 28198248 | P68: 5287171.6 | Q68: 3945612.2 | S68: 1341559.4
C69: Loreto / Ucayali S/. | P69: 21069379 | Q69: 15723265 | S69: 5346114.1
A70: Cusco | P70: V. Regalías | Q70: Cusco
A71: - | B71: 88 LGN | C71: Licencia | D71: Quincena | E71: F4 | F71: Bls | G71: 602468 | H71: 623738 | I71: 52.6369 | J71: 48.3677 | O71: 61880820 | P71: 23044417 | Q71: 11522209 | R71: 0.5
A72: - | B72: 88 GAS | C72: Licencia | D72: Quincena | E72: F4 | F72: MM BTU | G72: 13288295 | H72: 13477322 | I72: 2.276 | J72: 2.276 | O72: 60918545 | P72: 22686066 | Q72: 11343033 | R72: 0.5
A73: - | B73: 88 GAS -Mlocal | C73: Licencia | D73: Quincena | E73: F4 | F73: MM BTU | G73: 15123.42 | H73: 13298.92 | I73: 3.1455 | J73: 3.1455 | O73: 89402.47 | P73: 33293.48 | Q73: 16646.74 | R73: 0.5
A74: - | B74: 88 GAS -PM | C74: Licencia | D74: Quincena | E74: F4 | F74: MM BTU | G74: 716002.24 | H74: 594029.09 | I74: 17.65 | J74: 13.261 | O74: 20514859 | P74: 7795646.5 | Q74: 3897823.3 | R74: 0.5
A75: - | B75: 56 LGN | C75: Licencia | D75: Quincena | E75: F4 | F75: Bls | G75: 175478 | H75: 239215 | I75: 52.7317 | J75: 48.3513 | O75: 20819609 | P75: 8327843.8 | Q75: 4163921.9 | R75: 0.5
A76: - | B76: 56 GAS | C76: Licencia | D76: Quincena | E76: F4 | F76: MM BTU | G76: 3137410.7 | H76: 2904242.5 | I76: 17.65 | J76: 13.261 | O76: 93888458 | P76: 35677614 | Q76: 17838807 | R76: 0.5
A77: - | B77: 56 GAS-Mlocal | C77: Licencia | D77: Quincena | E77: F4 | F77: MM BTU | G77: 136845.69 | H77: 118280.5 | I77: 2.1686 | J77: 2.1686 | O77: 553266.66 | P77: 206036.5 | Q77: 103018.25 | R77: 0.5
A78: - | B78: 57 LGN | C78: Licencia | D78: Quincena | E78: F4 | F78: Bls | G78: 113758 | H78: 96328 | I78: 43.4865 | J78: 39.3779 | O78: 8740131.6 | P78: 490337.17 | Q78: 245168.58 | R78: 0.5
A79: - | B79: 57 GAS | C79: Licencia | D79: Quincena | E79: F4 | F79: MM BTU | G79: 1812726.3 | H79: 1534976.4 | I79: 19.369 | J79: 19.369 | O79: 64841655 | P79: 5129172.7 | Q79: 2564586.4 | R79: 0.5
A80: - | B80: Ajustes meses anteriores (4) | O80: 3905032.7 | P80: -61799.53 | Q80: -30899.78
B81: Subtotal | C81: Cusco US$ | G81: 3274256.4 | H81: 3022523 | O81: 3.3615178e+08 | P81: 1.0332863e+08 | Q81: 51664314
C82: Cusco S/. | G82: 17.002964 | H82: 12.826921 | Q82: 2.0588229e+08
A83: Total General | G83: 55672062 | H83: 38769662 | I83: 94441725 | J83: 94441725 | K83: 0 | M83: 0 | N83: 39806.727 | O83: 4.4324346e+08 | P83: 71645216 | Q83: 2.8550619e+08
A85: (*) | B85: Determinación de Canasta de los Líquidos de Gas Natural (VLGNF) | H85: = ( VC * %P + (PB - TF - TT) * (1 - %P))
B86: Simbolo | C86: Descripcion | E86: 1ra. Q | F86: 2da. Q | H86: 1ra. Q
B87: VC | C87: Canasta de Petróleo | E87: 91.0997 | F87: 87.0135 | H87: = (91.0997 * 62.26% + (54.9327 - 21.2630 - 0.0000) * (1 - 62.26%)) | M87: 0.0622
B88: PB | C88: Precio del GLP | E88: 54.9327 | F88: 53.4104 | H88: 64.226859 | M88: 0.0942
B89: TF | C89: Tarifa de Fraccionam. | E89: 21.263 | F89: 21.263 | M89: 0.4
B90: %P | C90: % Contenido Pentanos | E90: 0.6226 | F90: 0.6192 | H90: 2da. Q | M90: 0.38
B91: QLGNF | C91: Volumen de LGN | H91: = (87.0135 * 61.92% + (53.4104 - 21.2630 - 0.0000) * (1 - 61.92%))
B92: TT | C92: Tarifa de Transporte | H92: 61.304851
A93: (*) Crudo Garantia de Interoil

Sheet Oct
A1: Período de Cálculo: | E1: 44835 | F1: 3.841
A2: PERUPETRO S.A.
A3: DETERMINACION DEL CANON, SOBRECANON y PARTICIPACION (US$)
A4: Correspondiente a Octubre 2022
A5: Tipo de Cambio= 3.841
A7: Localidad | C7: Modalidad de Contrato | D7: Calculo del Canon | F7: Volumen Producción / Venta | I7: Canasta o Valor Venta (US$/Unidad) | K7: Deducción de Gastos para determinación de valor de producción en Punto de Fiscalización (US$) | O7: Valor de la Producción (US$) | P7: Canon y Sobrecanon / Participación (US$)
A8: - Lote | D8: Período | E8: Fórmula | F8: Unidades | G8: 1ra. Q | H8: 2da. Q / Mes | I8: 1ra. Q | J8: 2da. Q / Mes | K8: Flete Marítimo | L8: Comercialización | M8: Oleoducto | N8: Fiscalización | P8: Total | Q8: Localidad 1 | S8: Localidad 2
A9: Piura / Tumbes | Q9: Piura | S9: Tumbes
A10: - | B10: I | C10: Servicios | D10: Mes | E10: F1 | F10: Bls | O10: 0 | P10: 0 | Q10: 0 | R10: 0.15 | S10: 0 | T10: 0.0375
A11: - | B11: I GAS | C11: Servicios | D11: Mes | E11: F1 | F11: MM BTU | O11: 0 | P11: 0 | Q11: 0 | R11: 0.15 | S11: 0 | T11: 0.0375
A12: - | B12: I (T) | C12: Licencia | D12: Quincena | E12: F1 | F12: Bls | G12: 5282 | H12: 10361 | I12: 91.934 | J12: 89.742 | N12: 304.9411 | O12: 1415107.3 | P12: 265332.62 | Q12: 212266.1 | R12: 0.15 | S12: 53066.52 | T12: 0.0375
A13: - | B13: I GAS (T) | C13: Licencia | D13: Quincena | E13: F1 | F13: MM BTU | G13: 51029.61 | H13: 54640.5 | I13: 3 | J13: 3 | N13: 853.8392 | O13: 316156.49 | P13: 59279.34 | Q13: 47423.47 | R13: 0.15 | S13: 11855.87 | T13: 0.0375
A14: - | B14: II | C14: Licencia | D14: Quincena | E14: F2 | F14: Bls | G14: 4804 | H14: 4908 | I14: 91.2927 | J14: 89.4253 | N14: 784.1372 | O14: 876685.36 | P14: 164378.51 | Q14: 131502.8 | R14: 0.15 | S14: 32875.7 | T14: 0.0375
A15: - | B15: II-GAS | C15: Servicios | D15: Mes | E15: F1 | F15: MM BTU | G15: 12729.72 | H15: 24247.48 | I15: 2.6775 | J15: 2.6775 | N15: 840.7688 | O15: 98165.691 | P15: 18406.07 | Q15: 14724.86 | R15: 0.15 | S15: 3681.21 | T15: 0.0375
A16: - | B16: III | C16: Licencia | D16: Quincena | E16: F2 | F16: Bls | G16: 10711 | H16: 11825 | I16: 91.934 | J16: 89.742 | N16: 561.9659 | O16: 2045342.3 | P16: 383501.67 | Q16: 306801.34 | R16: 0.15 | S16: 76700.33 | T16: 0.0375
A17: - | B17: IV | C17: Licencia | D17: Quincena | E17: F2 | F17: Bls | G17: 37143 | H17: 42078 | I17: 91.934 | J17: 89.742 | N17: 1446.2985 | O17: 7189422.1 | P17: 1348016.6 | Q17: 1078413.3 | R17: 0.15 | S17: 269603.33 | T17: 0.0375
A18: - | B18: III (T) | C18: Licencia | D18: Quincena | E18: F2 | F18: Bls | O18: 0 | P18: 0 | Q18: 0 | R18: 0.15 | S18: 0 | T18: 0.0375
A19: - | B19: IV (T) | C19: Licencia | D19: Quincena | E19: F2 | F19: Bls | O19: 0 | P19: 0 | Q19: 0 | R19: 0.15 | S19: 0 | T19: 0.0375
A20: - | B20: IV-GAS | C20: Licencia | D20: Quincena | E20: F2 | F20: Bls | G20: 39895.37 | H20: 50730.79 | I20: 3.8922 | J20: 3.8922 | O20: 352735.14 | P20: 66137.84 | Q20: 52910.27 | R20: 0.15 | S20: 13227.57 | T20: 0.0375
A21: - | B21: V | C21: Servicios | D21: Mes | E21: F1 | F21: Bls | H21: 3303 | J21: 90.838 | N21: 662.1613 | O21: 299375.75 | P21: 56132.95 | Q21: 44906.36 | R21: 0.15 | S21: 11226.59 | T21: 0.0375
A22: - | B22: VII/VI | C22: Licencia | D22: Quincena | E22: F2 | F22: Bls | G22: 49214 | H22: 55525 | I22: 91.384 | J22: 89.192 | N22: 4033.9494 | O22: 9445724 | P22: 1771073.3 | Q22: 1416858.6 | R22: 0.15 | S22: 354214.65 | T22: 0.0375
A23: - | B23: VII | C23: Servicios | D23: Mes | E23: F1 | F23: Bls | O23: 0 | P23: 0 | Q23: 0 | R23: 0.15 | S23: 0 | T23: 0.0375
A24: - | B24: VII/VI-GAS | C24: Licencia | D24: Quincena | E24: F2 | F24: MM BTU | G24: 42596.17 | H24: 57562.27 | I24: 2.8119 | J24: 2.8119 | N24: 945.3218 | O24: 280690.2 | P24: 52629.41 | Q24: 42103.53 | R24: 0.15 | S24: 10525.88 | T24: 0.0375
A25: - | B25: IX | C25: Licencia | D25: Quincena | E25: F2 | F25: Bls | G25: 1865 | H25: 2734 | I25: 91.934 | J25: 89.742 | N25: 326.7243 | O25: 416484.82 | P25: 78090.9 | Q25: 62472.72 | R25: 0.15 | S25: 15618.18 | T25: 0.0375
A26: - | B26: X | C26: Licencia | D26: Quincena | E26: F2 | F26: Bls | G26: 168720 | H26: 178297 | I26: 91.934 | J26: 89.742 | N26: 5048.9757 | O26: 31506785 | P26: 5907522.2 | Q26: 4726017.7 | R26: 0.15 | S26: 1181504.4 | T26: 0.0375
A27: - | B27: X-GAS | C27: Licencia | D27: Mes | E27: F2 | F27: MM BTU | G27: 257432.08 | H27: 263621.12 | I27: 2.4953 | J27: 2.4953 | N27: 997.5958 | O27: 1299186.5 | P27: 243597.46 | Q27: 194877.97 | R27: 0.15 | S27: 48719.49 | T27: 0.0375
A28: - | B28: XIV | C28: Licencia | D28: Mes | E28: F2 | F28: Bls | O28: 0 | P28: 0 | Q28: 0 | R28: 0.15 | S28: 0 | T28: 0.0375
A29: - | B29: XV | C29: Licencia | D29: Quincena | E29: F2 | F29: Bls | G29: 373 | H29: 509 | I29: 90.7777 | J29: 88.9889 | N29: 357.2176 | O29: 78798.212 | P29: 14774.66 | Q29: 11819.73 | R29: 0.15 | S29: 2954.93 | T29: 0.0375
A30: - | B30: XIII Crudo | C30: Licencia | D30: Quincena | E30: F2 | F30: Bls | G30: 24188 | H30: 24432 | I30: 89.734 | J30: 87.542 | N30: 3389.2161 | O30: 4305922.9 | P30: 807360.55 | Q30: 645888.44 | R30: 0.15 | S30: 161472.11 | T30: 0.0375
A31: - | B31: XIII COND | C31: Licencia | D31: Quincena | E31: F2 | F31: Bls | O31: 0 | P31: 0 | Q31: 0 | R31: 0.15 | S31: 0 | T31: 0.0375
A32: - | B32: XIII Gas - A | C32: Licencia | D32: Quincena | E32: F2 | F32: MM BTU | G32: 57310.91 | H32: 60867.33 | I32: 1.61 | J32: 1.61 | N32: 1407.0924 | O32: 188859.88 | P32: 35411.23 | Q32: 28328.98 | R32: 0.15 | S32: 7082.25 | T32: 0.0375
A33: - | B33: XIII Gas - B | C33: Licencia | D33: Quincena | E33: F2 | F33: MM BTU | G33: 25305.42 | H33: 26104.85 | I33: 4.4169 | J33: 4.5257 | O33: 229914.23 | P33: 43108.92 | Q33: 34487.13 | R33: 0.15 | S33: 8621.78 | T33: 0.0375
A34: - | B34: XIII Llantera | C34: Licencia | D34: Quincena | E34: F2 | F34: MM BTU | O34: 0 | P34: 0 | Q34: 0 | R34: 0.15 | S34: 0 | T34: 0.0375
A35: - | B35: XIII Gas Expectativa - Pto Fiscalizacion | C35: Licencia | D35: Quincena | E35: F2 | F35: MM BTU | O35: 0 | P35: 0 | Q35: 0 | R35: 0.15 | S35: 0 | T35: 0.0375
A36: - | B36: XIII Gas Paita | C36: Licencia | D36: Quincena | E36: F2 | F36: MM BTU | G36: 23419.19 | H36: 29109.09 | I36: 3.7853 | J36: 3.4635 | O36: 189467.99 | P36: 35525.25 | Q36: 28420.2 | R36: 0.15 | S36: 7105.05 | T36: 0.0375
A37: - | B37: XIII Gas Efe-01 | C37: Licencia | D37: Quincena | E37: F2 | F37: MM BTU | G37: 128332.1 | H37: 219456.03 | I37: 3.2639 | J37: 3.1924 | O37: 1119454.6 | P37: 209897.73 | Q37: 167918.19 | R37: 0.15 | S37: 41979.55 | T37: 0.0375
A38: - | B38: XIII Gas Efe-02 | C38: Licencia | D38: Quincena | E38: F2 | F38: MM BTU | G38: 3504.8314 | H38: 4822.3926 | I38: 3.41 | J38: 3.41 | O38: 28395.84 | P38: 5324.22 | Q38: 4259.38 | R38: 0.15 | S38: 1064.84 | T38: 0.0375
A39: - | B39: Z-2B | C39: Servicios | D39: Mes | E39: F1 | F39: Bls | H39: 157793 | J39: 93.5938 | N39: 1089.0809 | O39: 14767357 | P39: 2768879.5 | Q39: 2215103.6 | R39: 0.15 | S39: 553775.9 | T39: 0.0375
A40: - | B40: Z-2B GAS | C40: Servicios | D40: Mes | E40: F1 | F40: MM BTU | H40: 458693.02 | J40: 7.7475 | N40: 962.7448 | O40: 3552761.4 | P40: 666142.77 | Q40: 532914.21 | R40: 0.15 | S40: 133228.55 | T40: 0.0375
A41: - | B41: XX | C41: Licencia | D41: Quincena | E41: F2 | F41: Bls | G41: 153 | H41: 150 | I41: 91.934 | J41: 89.742 | N41: 209.1034 | O41: 27318.097 | P41: 5122.14 | Q41: 1024.43 | R41: 0.0375 | S41: 4097.71 | T41: 0.15
A42: - | B42: Z1 Crudo | C42: Licencia | D42: Quincena | E42: F2 | F42: Bls | O42: 0 | P42: 0 | Q42: 0 | R42: 0.0375 | S42: 0 | T42: 0.15
A43: - | B43: Z1 Gas | C43: Licencia | D43: Quincena | E43: F2 | F43: MM BTU | O43: 0 | P43: 0 | Q43: 0 | R43: 0.0375 | S43: 0 | T43: 0.15
A44: - | B44: Z-2B - LGN | C44: Servicios | D44: Mes | E44: F1 | F44: Bls | H44: 16309 | J44: 88.7397 | N44: 1045.5147 | O44: 1446210.3 | P44: 271164.42 | Q44: 216931.54 | R44: 0.15 | S44: 54232.88 | T44: 0.0375
A45: - | B45: Z-6 | C45: Licencia | D45: Quincena | E45: F2 | F45: MM BTU | O45: 0 | P45: 0 | Q45: 0 | R45: 0.15 | S45: 0 | T45: 0.0375
A46: - | B46: Ajustes meses anteriores (1) | O46: -33481.67 | P46: -6277.81 | Q46: -5022.26 | S46: -1255.56
B47: Subtotal | C47: Piura / Tumbes US$ | O47: 81442840 | P47: 15270532 | Q47: 12213353 | S47: 3057179.7
C48: Piura / Tumbes S/. | P48: 58654115 | Q48: 46911488 | S48: 11742627
A49: Provincia Puerto Inca Huanuco | Q49: Puerto Inca
A50: - | B50: 31-D | C50: Licencia | D50: Quincena | E50: F2 | F50: Bls | O50: 0 | P50: 0 | Q50: 0 | R50: 0.15
A51: - | B51: 131 | C51: Licencia | D51: Quincena | E51: F2 | F51: Bls | G51: 16148 | H51: 16696 | I51: 82.6367 | J51: 81.1002 | N51: 4208.2019 | O51: 2684258.2 | P51: 402638.73 | Q51: 402638.73 | R51: 0.15
A52: - | B52: Ajustes meses anteriores (2)
B53: Subtotal | C53: Provincia Puerto Inca Huanuco US$ | O53: 2684258.2 | P53: 402638.73 | Q53: 402638.73 | S53: 0
C54: Provincia Puerto Inca Huanuco S/. | P54: 1546535.4 | Q54: 1546535.4 | S54: 0
A55: Loreto / Ucayali | Q55: Loreto | S55: Ucayali
A56: - | B56: 31-E | C56: Licencia | D56: Mes | E56: F2 | F56: Bls | O56: 0 | P56: 0 | Q56: 0 | R56: 0.15 | S56: 0 | T56: 0.0375
A57: - | B57: 192 | C57: Servicios | D57: Mes | E57: F1 | F57: Bls | O57: 0 | P57: 0 | Q57: 0 | R57: 0.15 | S57: 0 | T57: 0.0375
A58: - | B58: 8 | C58: Licencia | D58: Quincena | E58: F2 | F58: Bls | O58: 0 | P58: 0 | Q58: 0 | R58: 0.15 | S58: 0 | T58: 0.0375
A59: - | B59: 8 - Crudo Corrientes | C59: Licencia | D59: Quincena | E59: F2 | F59: Bls | O59: 0 | P59: 0 | Q59: 0 | R59: 0.15 | S59: 0 | T59: 0.0375
A60: - | B60: 31-B | C60: Licencia | D60: Quincena | E60: F2 | F60: Bls | O60: 0 | P60: 0 | Q60: 0 | R60: 0.15 | S60: 0 | T60: 0.0375
A61: - | B61: 31-C GAS | C61: Licencia | D61: Quincena | E61: F2 | F61: MM BTU | G61: 114766.18 | H61: 451.92 | I61: 3.7027 | J61: 3.7027 | N61: 527.115 | O61: 426090.93 | P61: 79892.05 | Q61: 15978.41 | R61: 0.0375 | S61: 63913.64 | T61: 0.15
A62: - | B62: 31-C LGN (*) | C62: Licencia | D62: Quincena | E62: F3 | F62: Bls | G62: 2960 | I62: 62.6765 | N62: 2387.2627 | O62: 183135.18 | P62: 34337.85 | Q62: 6867.57 | R62: 0.0375 | S62: 27470.28 | T62: 0.15
A63: - | B63: 31-C COND | C63: Licencia | D63: Quincena | E63: F2 | F63: Bls | O63: 0 | P63: 0 | Q63: 0 | R63: 0.0375 | S63: 0 | T63: 0.15
A64: - | B64: 102 | C64: Licencia | D64: Quincena | E64: F2 | F64: Bls | O64: 0 | P64: 0 | Q64: 0 | R64: 0.15 | S64: 0 | T64: 0.0375
A65: - | B65: 95 | C65: Licencia | D65: Quincena | E65: F2 | F65: Bls | G65: 139526 | H65: 68016 | I65: 71.9135 | J65: 70.4965 | N65: 5628.3621 | O65: 14823065 | P65: 2779324.6 | Q65: 2223459.7 | R65: 0.15 | S65: 555864.92 | T65: 0.0375
A66: - | B66: 67 | C66: Licencia | D66: Quincena | E66: F2 | F66: Bls | O66: 0 | P66: 0 | Q66: 0 | R66: 0.15 | S66: 0 | T66: 0.0375
A67: - | B67: Ajustes meses anteriores (3)
B68: Subtotal | C68: Loreto / Ucayali US$ | O68: 15432291 | P68: 2893554.5 | Q68: 2246305.7 | S68: 647248.84
C69: Loreto / Ucayali S/. | P69: 11114143 | Q69: 8628060.1 | S69: 2486082.8
A70: Cusco | P70: V. Regalías | Q70: Cusco
A71: - | B71: 88 LGN | C71: Licencia | D71: Quincena | E71: F4 | F71: Bls | G71: 664764 | H71: 817125 | I71: 50.4886 | J71: 48.5993 | O71: 73274707 | P71: 27287501 | Q71: 13643750 | R71: 0.5
A72: - | B72: 88 GAS | C72: Licencia | D72: Quincena | E72: F4 | F72: MM BTU | G72: 13093342 | H72: 14840259 | I72: 2.2535 | J72: 2.2535 | O72: 62948369 | P72: 23441973 | Q72: 11720986 | R72: 0.5
A73: - | B73: 88 GAS -Mlocal | C73: Licencia | D73: Quincena | E73: F4 | F73: MM BTU | G73: 20685.84 | H73: 28334.66 | I73: 3.1152 | J73: 3.1152 | O73: 152708.66 | P73: 56868.71 | Q73: 28434.36 | R73: 0.5
A74: - | B74: 88 GAS -PM | C74: Licencia | D74: Quincena | E74: F4 | F74: MM BTU | G74: 846045.87 | H74: 915839.19 | I74: 4.889 | J74: 3.051 | O74: 6930543.6 | P74: 2633606.6 | Q74: 1316803.3 | R74: 0.5
A75: - | B75: 56 LGN | C75: Licencia | D75: Quincena | E75: F4 | F75: Bls | G75: 232311 | H75: 237927 | I75: 50.475 | J75: 48.5991 | O75: 23288936 | P75: 9315574.3 | Q75: 4657787.2 | R75: 0.5
A76: - | B76: 56 GAS | C76: Licencia | D76: Quincena | E76: F4 | F76: MM BTU | G76: 4538771.8 | H76: 6647944.1 | I76: 4.889 | J76: 3.051 | O76: 42472933 | P76: 16139714 | Q76: 8069857.2 | R76: 0.5
A77: - | B77: 56 GAS-Mlocal | C77: Licencia | D77: Quincena | E77: F4 | F77: MM BTU | G77: 193115.46 | H77: 277339.18 | I77: 2.1807 | J77: 2.1807 | O77: 1025920.4 | P77: 382052.77 | Q77: 191026.39 | R77: 0.5
A78: - | B78: 57 LGN | C78: Licencia | D78: Quincena | E78: F4 | F78: Bls | G78: 153328 | H78: 212154 | I78: 43.4432 | J78: 41.4744 | O78: 15460019 | P78: 969318.45 | Q78: 484659.22 | R78: 0.5
A79: - | B79: 57 GAS | C79: Licencia | D79: Quincena | E79: F4 | F79: MM BTU | G79: 2513468.6 | H79: 3453589.4 | I79: 15.537 | J79: 15.537 | O79: 92710180 | P79: 9106553.9 | Q79: 4553277 | R79: 0.5
A80: - | B80: Ajustes meses anteriores (4) | O80: -13076286 | P80: -1227029.2 | Q80: -613514.56
B81: Subtotal | C81: Cusco US$ | G81: 4731887.2 | H81: 6925283.3 | O81: 3.0518803e+08 | P81: 88106134 | Q81: 44053067
C82: Cusco S/. | G82: 4.7784702 | H82: 3.0161468 | Q82: 1.6920783e+08
A83: Total General | G83: 22611182 | H83: 20887671 | I83: 43498853 | J83: 43498853 | K83: 0 | M83: 0 | N83: 38017.591 | O83: 4.0474742e+08 | P83: 62619792 | Q83: 2.4052262e+08
A85: (*) | B85: Determinación de Canasta de los Líquidos de Gas Natural (VLGNF) | H85: = ( VC * %P + (PB - TF - TT) * (1 - %P))
B86: Simbolo | C86: Descripcion | E86: 1ra. Q | F86: 2da. Q | H86: 1ra. Q
B87: VC | C87: Canasta de Petróleo | E87: 93.3717 | H87: = (93.3717 * 62.69% + (46.9293 - 21.2630 - 0.0000) * (1 - 62.69%)) | M87: 0.0622 | N87: 0.064199999
B88: PB | C88: Precio del GLP | E88: 46.9293 | H88: 62.676462 | M88: 0.0942 | N88: 0.0989
B89: TF | C89: Tarifa de Fraccionam. | E89: 21.263 | M89: 0.4 | N89: 0.4
B90: %P | C90: % Contenido Pentanos | E90: 0.6269 | H90: 2da. Q | M90: 0.38
B91: QLGNF | C91: Volumen de LGN | H91: = (0.0000 * 0.00% + (0.0000 - 0.0000 - 0.0000) * (1 - 0.00%))
B92: TT | C92: Tarifa de Transporte | E92: 0 | F92: 0 | H92: 0
A94: (*) Crudo Garantia de Interoil

Sheet Nov
A1: Período de Cálculo: | E1: 44895 | F1: 3.839
A2: PERUPETRO S.A.
A3: DETERMINACION DEL CANON, SOBRECANON y PARTICIPACION (US$)
A4: Correspondiente a Noviembre 2022
A5: Tipo de Cambio= 3.839
A7: Localidad | C7: Modalidad de Contrato | D7: Calculo del Canon | F7: Volumen Producción / Venta | I7: Canasta o Valor Venta (US$/Unidad) | K7: Deducción de Gastos para determinación de valor de producción en Punto de Fiscalización (US$) | O7: Valor de la Producción (US$) | P7: Canon y Sobrecanon / Participación (US$)
A8: - Lote | D8: Período | E8: Fórmula | F8: Unidades | G8: 1ra. Q | H8: 2da. Q / Mes | I8: 1ra. Q | J8: 2da. Q / Mes | K8: Flete Marítimo | L8: Comercialización | M8: Oleoducto | N8: Fiscalización | P8: Total | Q8: Localidad 1 | S8: Localidad 2
A9: Piura / Tumbes | Q9: Piura | S9: Tumbes
A10: - | B10: I | C10: Servicios | D10: Mes | E10: F1 | F10: Bls | O10: 0 | P10: 0 | Q10: 0 | R10: 0.15 | S10: 0 | T10: 0.0375
A11: - | B11: I GAS | C11: Servicios | D11: Mes | E11: F1 | F11: MM BTU | O11: 0 | P11: 0 | Q11: 0 | R11: 0.15 | S11: 0 | T11: 0.0375
A12: - | B12: I (T) | C12: Licencia | D12: Quincena | E12: F1 | F12: Bls | G12: 4879 | H12: 10317 | I12: 92.6659 | J12: 82.8976 | N12: 310.999 | O12: 1307060.5 | P12: 245073.84 | Q12: 196059.07 | R12: 0.15 | S12: 49014.77 | T12: 0.0375
A13: - | B13: I GAS (T) | C13: Licencia | D13: Quincena | E13: F1 | F13: MM BTU | G13: 48322.393 | H13: 48354.225 | I13: 3 | J13: 3 | N13: 870.7992 | O13: 289159.06 | P13: 54217.32 | Q13: 43373.86 | R13: 0.15 | S13: 10843.46 | T13: 0.0375
A14: - | B14: II | C14: Licencia | D14: Quincena | E14: F2 | F14: Bls | G14: 4732 | H14: 4944 | I14: 92.3473 | J14: 83.4561 | N14: 799.712 | O14: 848794.67 | P14: 159149 | Q14: 127319.2 | R14: 0.15 | S14: 31829.8 | T14: 0.0375
A15: - | B15: II-GAS | C15: Servicios | D15: Mes | E15: F1 | F15: MM BTU | G15: 30249.723 | H15: 28724.501 | I15: 2.6775 | J15: 2.6775 | N15: 857.4676 | O15: 157046.01 | P15: 29446.13 | Q15: 23556.9 | R15: 0.15 | S15: 5889.23 | T15: 0.0375
A16: - | B16: III | C16: Licencia | D16: Quincena | E16: F2 | F16: Bls | O16: 0 | P16: 0 | Q16: 0 | R16: 0.15 | S16: 0 | T16: 0.0375
A17: - | B17: IV | C17: Licencia | D17: Quincena | E17: F2 | F17: Bls | O17: 0 | P17: 0 | Q17: 0 | R17: 0.15 | S17: 0 | T17: 0.0375
A18: - | B18: III (T) | C18: Licencia | D18: Quincena | E18: F2 | F18: Bls | G18: 10354 | H18: 13018 | I18: 92.6659 | J18: 82.8976 | N18: 573.1266 | O18: 2038050.6 | P18: 382134.48 | Q18: 305707.58 | R18: 0.15 | S18: 76426.9 | T18: 0.0375
A19: - | B19: IV (T) | C19: Licencia | D19: Quincena | E19: F2 | F19: Bls | G19: 39273 | H19: 40639 | I19: 92.6659 | J19: 82.8976 | N19: 1475.0234 | O19: 7006668.4 | P19: 1313750.3 | Q19: 1051000.3 | R19: 0.15 | S19: 262750.07 | T19: 0.0375
A20: - | B20: IV-GAS | C20: Licencia | D20: Quincena | E20: F2 | F20: Bls | G20: 38794.327 | H20: 58813.592 | I20: 3.1856 | J20: 3.1856 | O20: 310939.79 | P20: 58301.21 | Q20: 46640.97 | R20: 0.15 | S20: 11660.24 | T20: 0.0375
A21: - | B21: V | C21: Servicios | D21: Mes | E21: F1 | F21: Bls | H21: 3178 | J21: 87.7817 | N21: 675.3114 | O21: 278294.93 | P21: 52180.3 | Q21: 41744.24 | R21: 0.15 | S21: 10436.06 | T21: 0.0375
A22: - | B22: VII/VI | C22: Licencia | D22: Quincena | E22: F2 | F22: Bls | G22: 48625 | H22: 51339 | I22: 92.1159 | J22: 82.3476 | N22: 4114.0711 | O22: 8702665 | P22: 1631749.7 | Q22: 1305399.8 | R22: 0.15 | S22: 326349.94 | T22: 0.0375
A23: - | B23: VII | C23: Servicios | D23: Mes | E23: F1 | F23: Bls | O23: 0 | P23: 0 | Q23: 0 | R23: 0.15 | S23: 0 | T23: 0.0375
A24: - | B24: VII/VI-GAS | C24: Licencia | D24: Quincena | E24: F2 | F24: MM BTU | G24: 68199.51 | H24: 67290.03 | I24: 2.8121 | J24: 2.8121 | N24: 964.097 | O24: 380046.03 | P24: 71258.63 | Q24: 57006.9 | R24: 0.15 | S24: 14251.73 | T24: 0.0375
A25: - | B25: IX | C25: Licencia | D25: Quincena | E25: F2 | F25: Bls | G25: 2059 | H25: 2469 | I25: 92.6659 | J25: 82.8976 | N25: 333.2148 | O25: 395140.05 | P25: 74088.76 | Q25: 59271.01 | R25: 0.15 | S25: 14817.75 | T25: 0.0375
A26: - | B26: X | C26: Licencia | D26: Quincena | E26: F2 | F26: Bls | G26: 166272 | H26: 165421 | I26: 92.6659 | J26: 82.8976 | N26: 5149.2553 | O26: 29115599 | P26: 5459174.8 | Q26: 4367339.9 | R26: 0.15 | S26: 1091835 | T26: 0.0375
A27: - | B27: X-GAS | C27: Licencia | D27: Mes | E27: F2 | F27: MM BTU | G27: 247145.98 | H27: 243416.12 | I27: 2.5198 | J27: 2.5198 | N27: 1017.4105 | O27: 1235101 | P27: 231581.43 | Q27: 185265.15 | R27: 0.15 | S27: 46316.29 | T27: 0.0375
A28: - | B28: XIV | C28: Licencia | D28: Mes | E28: F2 | F28: Bls | O28: 0 | P28: 0 | Q28: 0 | R28: 0.15 | S28: 0 | T28: 0.0375
A29: - | B29: XV | C29: Licencia | D29: Quincena | E29: F2 | F29: Bls | G29: 381 | H29: 460 | I29: 91.8727 | J29: 83.6639 | N29: 364.3124 | O29: 73124.578 | P29: 13710.86 | Q29: 10968.69 | R29: 0.15 | S29: 2742.17 | T29: 0.0375
A30: - | B30: XIII Crudo | C30: Licencia | D30: Quincena | E30: F2 | F30: Bls | G30: 22266 | H30: 22637 | I30: 90.3659 | J30: 80.5976 | N30: 3456.5309 | O30: 3833118.5 | P30: 718709.71 | Q30: 574967.77 | R30: 0.15 | S30: 143741.94 | T30: 0.0375
A31: - | B31: XIII COND | C31: Licencia | D31: Quincena | E31: F2 | F31: Bls | O31: 0 | P31: 0 | Q31: 0 | R31: 0.15 | S31: 0 | T31: 0.0375
A32: - | B32: XIII Gas - A | C32: Licencia | D32: Quincena | E32: F2 | F32: MM BTU | G32: 57545.979 | H32: 57388.868 | I32: 1.61 | J32: 1.61 | N32: 1435.0389 | O32: 183610.07 | P32: 34426.89 | Q32: 27541.51 | R32: 0.15 | S32: 6885.38 | T32: 0.0375
A33: - | B33: XIII Gas - B | C33: Licencia | D33: Quincena | E33: F2 | F33: MM BTU | G33: 36794.075 | H33: 55548.405 | I33: 4.4966 | J33: 3.9414 | O33: 384386.72 | P33: 72072.51 | Q33: 57658.01 | R33: 0.15 | S33: 14414.5 | T33: 0.0375
A34: - | B34: XIII Llantera | C34: Licencia | D34: Quincena | E34: F2 | F34: MM BTU | O34: 0 | P34: 0 | Q34: 0 | R34: 0.15 | S34: 0 | T34: 0.0375
A35: - | B35: XIII Gas Expectativa - Pto Fiscalizacion | C35: Licencia | D35: Quincena | E35: F2 | F35: MM BTU | O35: 0 | P35: 0 | Q35: 0 | R35: 0.15 | S35: 0 | T35: 0.0375
A36: - | B36: XIII Gas Paita | C36: Licencia | D36: Quincena | E36: F2 | F36: MM BTU | G36: 27782.186 | H36: 31859.591 | I36: 3.7666 | J36: 3.4845 | O36: 215659.12 | P36: 40436.09 | Q36: 32348.87 | R36: 0.15 | S36: 8087.22 | T36: 0.0375
A37: - | B37: XIII Gas Efe-01 | C37: Licencia | D37: Quincena | E37: F2 | F37: MM BTU | G37: 95550.84 | H37: 197581.27 | I37: 3.3221 | J37: 3.1546 | O37: 940719.3 | P37: 176384.87 | Q37: 141107.9 | R37: 0.15 | S37: 35276.97 | T37: 0.0375
A38: - | B38: XIII Gas Efe-02 | C38: Licencia | D38: Quincena | E38: F2 | F38: MM BTU | G38: 5183.6503 | H38: 7137.4778 | I38: 3.41 | J38: 3.41 | O38: 42015.05 | P38: 7877.82 | Q38: 6302.26 | R38: 0.15 | S38: 1575.56 | T38: 0.0375
A39: - | B39: Z-2B | C39: Servicios | D39: Mes | E39: F1 | F39: Bls | H39: 155428 | J39: 90.8518 | N39: 1110.7109 | O39: 14119803 | P39: 2647463 | Q39: 2117970.4 | R39: 0.15 | S39: 529492.61 | T39: 0.0375
A40: - | B40: Z-2B GAS | C40: Servicios | D40: Mes | E40: F1 | F40: MM BTU | H40: 404181.02 | J40: 7.5209 | N40: 981.8682 | O40: 3038823.2 | P40: 569779.34 | Q40: 455823.47 | R40: 0.15 | S40: 113955.87 | T40: 0.0375
A41: - | B41: XX | C41: Licencia | D41: Quincena | E41: F2 | F41: Bls | G41: 145 | H41: 147 | I41: 92.6659 | J41: 82.8976 | N41: 213.2564 | O41: 25409.254 | P41: 4764.24 | Q41: 952.85 | R41: 0.0375 | S41: 3811.39 | T41: 0.15
A42: - | B42: Z1 Crudo | C42: Licencia | D42: Quincena | E42: F2 | F42: Bls | O42: 0 | P42: 0 | Q42: 0 | R42: 0.0375 | S42: 0 | T42: 0.15
A43: - | B43: Z1 Gas | C43: Licencia | D43: Quincena | E43: F2 | F43: MM BTU | O43: 0 | P43: 0 | Q43: 0 | R43: 0.0375 | S43: 0 | T43: 0.15
A44: - | B44: Z-2B - LGN | C44: Servicios | D44: Mes | E44: F1 | F44: Bls | H44: 13179 | J44: 89.9966 | N44: 1066.2818 | O44: 1184998.9 | P44: 222187.3 | Q44: 177749.84 | R44: 0.15 | S44: 44437.46 | T44: 0.0375
A45: - | B45: Z-6 | C45: Licencia | D45: Quincena | E45: F2 | F45: MM BTU | O45: 0 | P45: 0 | Q45: 0 | R45: 0.15 | S45: 0 | T45: 0.0375
A46: - | B46: Ajustes meses anteriores (1) | O46: -89246.15 | P46: -16733.66 | Q46: -13386.93 | S46: -3346.73
B47: Subtotal | C47: Piura / Tumbes US$ | O47: 76016986 | P47: 14253185 | Q47: 11399689 | S47: 2853495.6
C48: Piura / Tumbes S/. | P48: 54717977 | Q48: 43763408 | S48: 10954569
A49: Provincia Puerto Inca Huanuco | Q49: Puerto Inca
A50: - | B50: 31-D | C50: Licencia | D50: Quincena | E50: F2 | F50: Bls | O50: 0 | P50: 0 | Q50: 0 | R50: 0.15
A51: - | B51: 131 | C51: Licencia | D51: Quincena | E51: F2 | F51: Bls | G51: 15463 | H51: 15273 | I51: 84.5179 | J51: 73.1951 | N51: 4291.7878 | O51: 2420517.3 | P51: 363077.59 | Q51: 363077.59 | R51: 0.15
A52: - | B52: Ajustes meses anteriores (2)
B53: Subtotal | C53: Provincia Puerto Inca Huanuco US$ | O53: 2420517.3 | P53: 363077.59 | Q53: 363077.59 | S53: 0
C54: Provincia Puerto Inca Huanuco S/. | P54: 1393854.9 | Q54: 1393854.9 | S54: 0
A55: Loreto / Ucayali | Q55: Loreto | S55: Ucayali
A56: - | B56: 31-E | C56: Licencia | D56: Mes | E56: F2 | F56: Bls | O56: 0 | P56: 0 | Q56: 0 | R56: 0.15 | S56: 0 | T56: 0.0375
A57: - | B57: 192 | C57: Servicios | D57: Mes | E57: F1 | F57: Bls | O57: 0 | P57: 0 | Q57: 0 | R57: 0.15 | S57: 0 | T57: 0.0375
A58: - | B58: 8 | C58: Licencia | D58: Quincena | E58: F2 | F58: Bls | O58: 0 | P58: 0 | Q58: 0 | R58: 0.15 | S58: 0 | T58: 0.0375
A59: - | B59: 8 - Crudo Corrientes | C59: Licencia | D59: Quincena | E59: F2 | F59: Bls | O59: 0 | P59: 0 | Q59: 0 | R59: 0.15 | S59: 0 | T59: 0.0375
A60: - | B60: 31-B | C60: Licencia | D60: Quincena | E60: F2 | F60: Bls | O60: 0 | P60: 0 | Q60: 0 | R60: 0.15 | S60: 0 | T60: 0.0375
A61: - | B61: 31-C GAS | C61: Licencia | D61: Quincena | E61: F2 | F61: MM BTU | G61: 314222.55 | H61: 359045.02 | I61: 3.7004 | J61: 3.7086 | N61: 537.5843 | O61: 2493765.9 | P61: 467581.1 | Q61: 93516.22 | R61: 0.0375 | S61: 374064.88 | T61: 0.15
A62: - | B62: 31-C LGN (*) | C62: Licencia | D62: Quincena | E62: F3 | F62: Bls | G62: 2796 | H62: 2897 | I62: 60.5154 | J62: 53.731 | N62: 2434.6783 | O62: 322425.09 | P62: 60454.7 | Q62: 12090.94 | R62: 0.0375 | S62: 48363.76 | T62: 0.15
A63: - | B63: 31-C COND | C63: Licencia | D63: Quincena | E63: F2 | F63: Bls | O63: 0 | P63: 0 | Q63: 0 | R63: 0.0375 | S63: 0 | T63: 0.15
A64: - | B64: 102 | C64: Licencia | D64: Quincena | E64: F2 | F64: Bls | O64: 0 | P64: 0 | Q64: 0 | R64: 0.15 | S64: 0 | T64: 0.0375
A65: - | B65: 95 | C65: Licencia | D65: Quincena | E65: F2 | F65: Bls | G65: 156887 | H65: 179646 | I65: 72.9817 | J65: 67.2421 | N65: 5740.1531 | O65: 23523914 | P65: 4410733.9 | Q65: 3528587.1 | R65: 0.15 | S65: 882146.78 | T65: 0.0375
A66: - | B66: 67 | C66: Licencia | D66: Quincena | E66: F2 | F66: Bls | O66: 0 | P66: 0 | Q66: 0 | R66: 0.15 | S66: 0 | T66: 0.0375
A67: - | B67: Ajustes meses anteriores (3)
B68: Subtotal | C68: Loreto / Ucayali US$ | O68: 26340105 | P68: 4938769.7 | Q68: 3634194.3 | S68: 1304575.4
C69: Loreto / Ucayali S/. | P69: 18959937 | Q69: 13951672 | S69: 5008265
A70: Cusco | P70: V. Regalías | Q70: Cusco
A71: - | B71: 88 LGN | C71: Licencia | D71: Quincena | E71: F4 | F71: Bls | G71: 736468 | H71: 751626 | I71: 49.6869 | J71: 45.2305 | O71: 70589232 | P71: 26287430 | Q71: 13143715 | R71: 0.5
A72: - | B72: 88 GAS | C72: Licencia | D72: Quincena | E72: F4 | F72: MM BTU | G72: 13885013 | H72: 14097841 | I72: 2.2388 | J72: 2.2388 | O72: 62648014 | P72: 23330121 | Q72: 11665060 | R72: 0.5
A73: - | B73: 88 GAS -Mlocal | C73: Licencia | D73: Quincena | E73: F4 | F73: MM BTU | G73: 22758.95 | H73: 30144.29 | I73: 3.0928 | J73: 3.0928 | O73: 163619.14 | P73: 60931.77 | Q73: 30465.89 | R73: 0.5
A74: - | B74: 88 GAS -PM | C74: Licencia | D74: Quincena | E74: F4 | F74: MM BTU | G74: 911478.39 | H74: 854091.95 | I74: 4.358 | J74: 9.94 | O74: 12461897 | P74: 4735520.8 | Q74: 2367760.4 | R74: 0.5
A75: - | B75: 56 LGN | C75: Licencia | D75: Quincena | E75: F4 | F75: Bls | G75: 230061 | H75: 220080 | I75: 49.658 | J75: 45.2307 | O75: 21378742 | P75: 8551496.6 | Q75: 4275748.3 | R75: 0.5
A76: - | B76: 56 GAS | C76: Licencia | D76: Quincena | E76: F4 | F76: MM BTU | G76: 5406109.9 | H76: 6465139.2 | I76: 4.358 | J76: 9.94 | O76: 87823311 | P76: 33372858 | Q76: 16686429 | R76: 0.5
A77: - | B77: 56 GAS-Mlocal | C77: Licencia | D77: Quincena | E77: F4 | F77: MM BTU | G77: 224916.38 | H77: 280727.76 | I77: 2.1852 | J77: 2.1852 | O77: 1104933.6 | P77: 411477.26 | Q77: 205738.63 | R77: 0.5
A78: - | B78: 57 LGN | C78: Licencia | D78: Quincena | E78: F4 | F78: Bls | G78: 176274 | H78: 214738 | I78: 44.8584 | J78: 40.5097 | O78: 16606342 | P78: 1064941.5 | Q78: 532470.73 | R78: 0.5
A79: - | B79: 57 GAS | C79: Licencia | D79: Quincena | E79: F4 | F79: MM BTU | G79: 2833608 | H79: 3466665.1 | I79: 3.49 | J79: 3.49 | O79: 21987953 | P79: 2228936.8 | Q79: 1114468.4 | R79: 0.5
A80: - | B80: Ajustes meses anteriores (4) | O80: -81868800 | P80: -11091169 | Q80: -5545584.7
B81: Subtotal | C81: Cusco US$ | G81: 5631026.2 | H81: 6745867 | O81: 2.1289524e+08 | P81: 88952544 | Q81: 44476272
C82: Cusco S/. | G82: 4.2712133 | H82: 9.6172857 | Q82: 1.7074441e+08
A83: Total General | G83: 24051314 | H83: 64876930 | I83: 88928244 | J83: 88928244 | K83: 0 | M83: 0 | N83: 38772.691 | O83: 3.1767285e+08 | P83: 64031304 | Q83: 2.4581618e+08
A85: (*) | B85: Determinación de Canasta de los Líquidos de Gas Natural (VLGNF) | H85: = ( VC * %P + (PB - TF - TT) * (1 - %P))
B86: Simbolo | C86: Descripcion | E86: 1ra. Q | F86: 2da. Q | H86: 1ra. Q
B87: VC | C87: Canasta de Petróleo | E87: 94.3365 | F87: 84.6607 | H87: = (94.3365 * 59.39% + (45.1921 - 21.2630 - 0.0000) * (1 - 59.39%)) | M87: 0.0622 | N87: 0.064199999
B88: PB | C88: Precio del GLP | E88: 45.1921 | F88: 45.1921 | H88: 60.515432 | M88: 0.0942 | N88: 0.0989
B89: TF | C89: Tarifa de Fraccionam. | E89: 21.263 | F89: 21.263 | M89: 0.4 | N89: 0.4
B90: %P | C90: % Contenido Pentanos | E90: 0.5939 | F90: 0.5593 | H90: 2da. Q | M90: 0.38
B91: QLGNF | C91: Volumen de LGN | H91: = (84.6607 * 55.93% + (45.1921 - 21.2630 - 0.0000) * (1 - 55.93%))
B92: TT | C92: Tarifa de Transporte | H92: 53.730992
A94: (*) Crudo Garantia de Interoil

Sheet Dic
A1: Período de Cálculo: | E1: 44926 | F1: 3.861
A2: PERUPETRO S.A.
A3: DETERMINACION DEL CANON, SOBRECANON y PARTICIPACION (US$)
A4: Correspondiente a Diciembre 2022
A5: Tipo de Cambio= 3.861
A7: Localidad | C7: Modalidad de Contrato | D7: Calculo del Canon | F7: Volumen Producción / Venta | I7: Canasta o Valor Venta (US$/Unidad) | K7: Deducción de Gastos para determinación de valor de producción en Punto de Fiscalización (US$) | O7: Valor de la Producción (US$) | P7: Canon y Sobrecanon / Participación (US$)
A8: - Lote | D8: Período | E8: Fórmula | F8: Unidades | G8: 1ra. Q | H8: 2da. Q / Mes | I8: 1ra. Q | J8: 2da. Q / Mes | K8: Flete Marítimo | L8: Comercialización | M8: Oleoducto | N8: Fiscalización | P8: Total | Q8: Localidad 1 | S8: Localidad 2
A9: Piura / Tumbes | Q9: Piura | S9: Tumbes
A10: - | B10: I | C10: Servicios | D10: Mes | E10: F1 | F10: Bls | O10: 0 | P10: 0 | Q10: 0 | R10: 0.15 | S10: 0 | T10: 0.0375
A11: - | B11: I GAS | C11: Servicios | D11: Mes | E11: F1 | F11: MM BTU | O11: 0 | P11: 0 | Q11: 0 | R11: 0.15 | S11: 0 | T11: 0.0375
A12: - | B12: I (T) | C12: Licencia | D12: Quincena | E12: F1 | F12: Bls | G12: 3538 | H12: 12997 | I12: 77.2657 | J12: 76.7187 | N12: 364.2382 | O12: 1270114.8 | P12: 238146.52 | Q12: 190517.21 | R12: 0.15 | S12: 47629.3 | T12: 0.0375
A13: - | B13: I GAS (T) | C13: Licencia | D13: Quincena | E13: F1 | F13: MM BTU | G13: 50806.83 | H13: 55329.43 | I13: 3 | J13: 3 | N13: 1019.8613 | O13: 317388.92 | P13: 59510.42 | Q13: 47608.34 | R13: 0.15 | S13: 11902.08 | T13: 0.0375
A14: - | B14: II | C14: Licencia | D14: Quincena | E14: F2 | F14: Bls | G14: 4911 | H14: 5374 | I14: 76.9558 | J14: 77.5141 | N14: 936.6073 | O14: 793554.09 | P14: 148791.39 | Q14: 119033.11 | R14: 0.15 | S14: 29758.28 | T14: 0.0375
A15: - | B15: II-GAS | C15: Servicios | D15: Mes | E15: F1 | F15: MM BTU | G15: 25622.94 | H15: 38042.94 | I15: 2.6775 | J15: 2.6775 | N15: 1004.2513 | O15: 169461.14 | P15: 31773.96 | Q15: 25419.17 | R15: 0.15 | S15: 6354.79 | T15: 0.0375
A16: - | B16: III | C16: Licencia | D16: Quincena | E16: F2 | F16: Bls | O16: 0 | P16: 0 | Q16: 0 | R16: 0.15 | S16: 0 | T16: 0.0375
A17: - | B17: IV | C17: Licencia | D17: Quincena | E17: F2 | F17: Bls | O17: 0 | P17: 0 | Q17: 0 | R17: 0.15 | S17: 0 | T17: 0.0375
A18: - | B18: III (T) | C18: Licencia | D18: Quincena | E18: F2 | F18: Bls | G18: 19549 | H18: 22613 | I18: 77.2657 | J18: 76.7187 | N18: 671.2356 | O18: 3244635.9 | P18: 608369.23 | Q18: 486695.38 | R18: 0.15 | S18: 121673.85 | T18: 0.0375
A19: - | B19: IV (T) | C19: Licencia | D19: Quincena | E19: F2 | F19: Bls | G19: 38780 | H19: 42805 | I19: 77.2657 | J19: 76.7187 | N19: 1727.5236 | O19: 6278580.3 | P19: 1177233.8 | Q19: 941787.04 | R19: 0.15 | S19: 235446.76 | T19: 0.0375
A20: - | B20: IV-GAS | C20: Licencia | D20: Quincena | E20: F2 | F20: Bls | G20: 53934.91 | H20: 44736.41 | I20: 3.2497 | J20: 3.2497 | O20: 320652.19 | P20: 60122.29 | Q20: 48097.83 | R20: 0.15 | S20: 12024.46 | T20: 0.0375
A21: - | B21: V | C21: Servicios | D21: Mes | E21: F1 | F21: Bls | H21: 3344 | J21: 77.0196 | N21: 790.9136 | O21: 256762.63 | P21: 48142.99 | Q21: 38514.39 | R21: 0.15 | S21: 9628.6 | T21: 0.0375
A22: - | B22: VII/VI | C22: Licencia | D22: Quincena | E22: F2 | F22: Bls | G22: 47551 | H22: 53375 | I22: 76.7157 | J22: 76.1687 | N22: 4818.3246 | O22: 7708594.3 | P22: 1445361.4 | Q22: 1156289.1 | R22: 0.15 | S22: 289072.29 | T22: 0.0375
A23: - | B23: VII | C23: Servicios | D23: Mes | E23: F1 | F23: Bls | O23: 0 | P23: 0 | Q23: 0 | R23: 0.15 | S23: 0 | T23: 0.0375
A24: - | B24: VII/VI-GAS | C24: Licencia | D24: Quincena | E24: F2 | F24: MM BTU | G24: 44090.86 | H24: 43763.91 | I24: 2.8495 | J24: 2.8495 | N24: 1129.1335 | O24: 249213.04 | P24: 46727.44 | Q24: 37381.96 | R24: 0.15 | S24: 9345.49 | T24: 0.0375
A25: - | B25: IX | C25: Licencia | D25: Quincena | E25: F2 | F25: Bls | G25: 1590 | H25: 3408 | I25: 77.2657 | J25: 76.7187 | N25: 390.2513 | O25: 383919.54 | P25: 71984.91 | Q25: 57587.93 | R25: 0.15 | S25: 14396.98 | T25: 0.0375
A26: - | B26: X | C26: Licencia | D26: Quincena | E26: F2 | F26: Bls | G26: 165170 | H26: 174921 | I26: 77.2657 | J26: 76.7187 | N26: 6030.7094 | O26: 26175657 | P26: 4907935.6 | Q26: 3926348.5 | R26: 0.15 | S26: 981587.13 | T26: 0.0375
A27: - | B27: X-GAS | C27: Licencia | D27: Mes | E27: F2 | F27: MM BTU | G27: 253353.84 | H27: 269686.15 | I27: 2.5198 | J27: 2.5198 | N27: 1191.5733 | O27: 1316764.6 | P27: 246893.36 | Q27: 197514.69 | R27: 0.15 | S27: 49378.67 | T27: 0.0375
A28: - | B28: XIV | C28: Licencia | D28: Mes | E28: F2 | F28: Bls | O28: 0 | P28: 0 | Q28: 0 | R28: 0.15 | S28: 0 | T28: 0.0375
A29: - | B29: XV | C29: Licencia | D29: Quincena | E29: F2 | F29: Bls | G29: 393 | H29: 422 | I29: 76.1315 | J29: 77.2196 | N29: 426.678 | O29: 62079.672 | P29: 11639.94 | Q29: 9311.95 | R29: 0.15 | S29: 2327.99 | T29: 0.0375
A30: - | B30: XIII Crudo | C30: Licencia | D30: Quincena | E30: F2 | F30: Bls | G30: 23686 | H30: 24724 | I30: 74.9957 | J30: 74.4487 | N30: 4048.2251 | O30: 3612969.6 | P30: 677431.8 | Q30: 541945.44 | R30: 0.15 | S30: 135486.36 | T30: 0.0375
A31: - | B31: XIII COND | C31: Licencia | D31: Quincena | E31: F2 | F31: Bls | O31: 0 | P31: 0 | Q31: 0 | R31: 0.15 | S31: 0 | T31: 0.0375
A32: - | B32: XIII Gas - A | C32: Licencia | D32: Quincena | E32: F2 | F32: MM BTU | G32: 129134.45 | H32: 179531.06 | I32: 1.61 | J32: 1.61 | N32: 1680.6885 | O32: 495270.78 | P32: 92863.27 | Q32: 74290.62 | R32: 0.15 | S32: 18572.65 | T32: 0.0375
A33: - | B33: XIII Gas - B | C33: Licencia | D33: Quincena | E33: F2 | F33: MM BTU | G33: 49622.32 | H33: 50693.76 | I33: 3.9976 | J33: 3.969 | O33: 399573.72 | P33: 74920.07 | Q33: 59936.06 | R33: 0.15 | S33: 14984.01 | T33: 0.0375
A34: - | B34: XIII Llantera | C34: Licencia | D34: Quincena | E34: F2 | F34: MM BTU | O34: 0 | P34: 0 | Q34: 0 | R34: 0.15 | S34: 0 | T34: 0.0375
A35: - | B35: XIII Gas Expectativa - Pto Fiscalizacion | C35: Licencia | D35: Quincena | E35: F2 | F35: MM BTU | O35: 0 | P35: 0 | Q35: 0 | R35: 0.15 | S35: 0 | T35: 0.0375
A36: - | B36: XIII Gas Paita | C36: Licencia | D36: Quincena | E36: F2 | F36: MM BTU | G36: 42227.72 | H36: 29140.93 | I36: 3.6087 | J36: 3.5018 | O36: 254432.88 | P36: 47706.17 | Q36: 38164.93 | R36: 0.15 | S36: 9541.23 | T36: 0.0375
A37: - | B37: XIII Gas Efe-01 | C37: Licencia | D37: Quincena | E37: F2 | F37: MM BTU | G37: 229517.88 | H37: 159568.48 | I37: 3.3631 | J37: 3.3352 | O37: 1304084.4 | P37: 244515.82 | Q37: 195612.66 | R37: 0.15 | S37: 48903.16 | T37: 0.0375
A38: - | B38: XIII Gas Efe-02 | C38: Licencia | D38: Quincena | E38: F2 | F38: MM BTU | G38: 6274.3147 | H38: 5982.5025 | I38: 3.41 | J38: 3.3352 | O38: 41348.25 | P38: 7752.8 | Q38: 6202.24 | R38: 0.15 | S38: 1550.56 | T38: 0.0375
A39: - | B39: Z-2B | C39: Servicios | D39: Mes | E39: F1 | F39: Bls | H39: 165145 | J39: 81.3414 | N39: 1300.8455 | O39: 13431825 | P39: 2518467.1 | Q39: 2014773.7 | R39: 0.15 | S39: 503693.42 | T39: 0.0375
A40: - | B40: Z-2B GAS | C40: Servicios | D40: Mes | E40: F1 | F40: MM BTU | H40: 423667.03 | J40: 6.7025 | N40: 1149.9476 | O40: 2838478.3 | P40: 532214.69 | Q40: 425771.75 | R40: 0.15 | S40: 106442.94 | T40: 0.0375
A41: - | B41: XX | C41: Licencia | D41: Quincena | E41: F2 | F41: Bls | G41: 203 | H41: 178 | I41: 77.2657 | J41: 76.7187 | N41: 249.7618 | O41: 29091.108 | P41: 5454.58 | Q41: 1090.92 | R41: 0.0375 | S41: 4363.67 | T41: 0.15
A42: - | B42: Z1 Crudo | C42: Licencia | D42: Quincena | E42: F2 | F42: Bls | O42: 0 | P42: 0 | Q42: 0 | R42: 0.0375 | S42: 0 | T42: 0.15
A43: - | B43: Z1 Gas | C43: Licencia | D43: Quincena | E43: F2 | F43: MM BTU | O43: 0 | P43: 0 | Q43: 0 | R43: 0.0375 | S43: 0 | T43: 0.15
A44: - | B44: Z-2B - LGN | C44: Servicios | D44: Mes | E44: F1 | F44: Bls | H44: 15993 | J44: 84.8948 | N44: 1248.8089 | O44: 1356473.7 | P44: 254338.82 | Q44: 203471.06 | R44: 0.15 | S44: 50867.76 | T44: 0.0375
A45: - | B45: Z-6 | C45: Licencia | D45: Quincena | E45: F2 | F45: MM BTU | O45: 0 | P45: 0 | Q45: 0 | R45: 0.15 | S45: 0 | T45: 0.0375
A46: - | B46: Ajustes meses anteriores (1) | O46: -17032.49 | P46: -3193.59 | Q46: -2554.87 | S46: -638.72
B47: Subtotal | C47: Piura / Tumbes US$ | O47: 72293893 | P47: 13555105 | Q47: 10840811 | S47: 2714293.7
C48: Piura / Tumbes S/. | P48: 52336260 | Q48: 41856372 | S48: 10479888
A49: Provincia Puerto Inca Huanuco | Q49: Puerto Inca
A50: - | B50: 31-D | C50: Licencia | D50: Quincena | E50: F2 | F50: Bls | O50: 0 | P50: 0 | Q50: 0 | R50: 0.15
A51: - | B51: 131 | C51: Licencia | D51: Quincena | E51: F2 | F51: Bls | G51: 14935 | H51: 12528 | I51: 67.6382 | J51: 67.883 | N51: 5026.4607 | O51: 1855588.3 | P51: 278338.24 | Q51: 278338.24 | R51: 0.15
A52: - | B52: Ajustes meses anteriores (2)
B53: Subtotal | C53: Provincia Puerto Inca Huanuco US$ | O53: 1855588.3 | P53: 278338.24 | Q53: 278338.24 | S53: 0
C54: Provincia Puerto Inca Huanuco S/. | P54: 1074663.9 | Q54: 1074663.9 | S54: 0
A55: Loreto / Ucayali | Q55: Loreto | S55: Ucayali
A56: - | B56: 31-E | C56: Licencia | D56: Mes | E56: F2 | F56: Bls | O56: 0 | P56: 0 | Q56: 0 | R56: 0.15 | S56: 0 | T56: 0.0375
A57: - | B57: 192 | C57: Servicios | D57: Mes | E57: F1 | F57: Bls | O57: 0 | P57: 0 | Q57: 0 | R57: 0.15 | S57: 0 | T57: 0.0375
A58: - | B58: 8 | C58: Licencia | D58: Quincena | E58: F2 | F58: Bls | O58: 0 | P58: 0 | Q58: 0 | R58: 0.15 | S58: 0 | T58: 0.0375
A59: - | B59: 8 - Crudo Corrientes | C59: Licencia | D59: Quincena | E59: F2 | F59: Bls | O59: 0 | P59: 0 | Q59: 0 | R59: 0.15 | S59: 0 | T59: 0.0375
A60: - | B60: 31-B | C60: Licencia | D60: Quincena | E60: F2 | F60: Bls | O60: 0 | P60: 0 | Q60: 0 | R60: 0.15 | S60: 0 | T60: 0.0375
A61: - | B61: 31-C GAS | C61: Licencia | D61: Quincena | E61: F2 | F61: MM BTU | G61: 361502.98 | H61: 127926.45 | I61: 3.7104 | J61: 3.7111 | N61: 629.6099 | O61: 1815438.9 | P61: 340394.79 | Q61: 68078.96 | R61: 0.0375 | S61: 272315.84 | T61: 0.15
A62: - | B62: 31-C LGN (*) | C62: Licencia | D62: Quincena | E62: F3 | F62: Bls | G62: 3083 | H62: 3222 | I62: 49.6905 | J62: 49.0888 | N62: 2851.4503 | O62: 308508.47 | P62: 57845.34 | Q62: 11569.07 | R62: 0.0375 | S62: 46276.27 | T62: 0.15
A63: - | B63: 31-C COND | C63: Licencia | D63: Quincena | E63: F2 | F63: Bls | O63: 0 | P63: 0 | Q63: 0 | R63: 0.0375 | S63: 0 | T63: 0.15
A64: - | B64: 102 | C64: Licencia | D64: Quincena | E64: F2 | F64: Bls | O64: 0 | P64: 0 | Q64: 0 | R64: 0.15 | S64: 0 | T64: 0.0375
A65: - | B65: 95 | C65: Licencia | D65: Quincena | E65: F2 | F65: Bls | G65: 72060 | H65: 314453 | I65: 59.2779 | J65: 60.8951 | N65: 6722.7592 | O65: 23413490 | P65: 4390029.3 | Q65: 3512023.4 | R65: 0.15 | S65: 878005.86 | T65: 0.0375
A66: - | B66: 67 | C66: Licencia | D66: Quincena | E66: F2 | F66: Bls | G66: 16345 | I66: 35.6407 | O66: 582547.24 | P66: 109227.61 | Q66: 87382.09 | R66: 0.15 | S66: 21845.52 | T66: 0.0375
A67: - | B67: Ajustes meses anteriores (3)
B68: Subtotal | C68: Loreto / Ucayali US$ | O68: 26119984 | P68: 4897497 | Q68: 3679053.6 | S68: 1218443.5
C69: Loreto / Ucayali S/. | P69: 18909236 | Q69: 14204826 | S69: 4704410.3
A70: Cusco | P70: V. Regalías | Q70: Cusco
A71: - | B71: 88 LGN | C71: Licencia | D71: Quincena | E71: F4 | F71: Bls | G71: 801006 | H71: 896648 | I71: 40.5275 | J71: 43.8932 | O71: 71819521 | P71: 26745589 | Q71: 13372795 | R71: 0.5
A72: - | B72: 88 GAS | C72: Licencia | D72: Quincena | E72: F4 | F72: MM BTU | G72: 14395572 | H72: 13629613 | I72: 2.249 | J72: 2.249 | O72: 63028641 | P72: 23471866 | Q72: 11735933 | R72: 0.5
A73: - | B73: 88 GAS -Mlocal | C73: Licencia | D73: Quincena | E73: F4 | F73: MM BTU | G73: 24834.13 | H73: 14502.2 | I73: 3.0643 | J73: 3.0643 | O73: 120538.32 | P73: 44888.47 | Q73: 22444.24 | R73: 0.5
A74: - | B74: 88 GAS -PM | C74: Licencia | D74: Quincena | E74: F4 | F74: MM BTU | G74: 794007.11 | H74: 754930.67 | I74: 20.018 | J74: 12.074 | O74: 25009467 | P74: 9503597.6 | Q74: 4751798.8 | R74: 0.5
A75: - | B75: 56 LGN | C75: Licencia | D75: Quincena | E75: F4 | F75: Bls | G75: 207081 | H75: 258546 | I75: 40.451 | J75: 43.8897 | O75: 19724140 | P75: 7889656 | Q75: 3944828 | R75: 0.5
A76: - | B76: 56 GAS | C76: Licencia | D76: Quincena | E76: F4 | F76: MM BTU | G76: 5041157.7 | H76: 3632944.5 | I76: 20.018 | J76: 12.074 | O76: 1.4477807e+08 | P76: 55015665 | Q76: 27507833 | R76: 0.5
A77: - | B77: 56 GAS-Mlocal | C77: Licencia | D77: Quincena | E77: F4 | F77: MM BTU | O77: 0 | P77: 0 | Q77: 0 | R77: 0.5
A78: - | B78: 57 LGN | C78: Licencia | D78: Quincena | E78: F4 | F78: Bls | G78: 190254 | H78: 102966 | I78: 36.197 | J78: 39.9329 | O78: 10998355 | P78: 682965.38 | Q78: 341482.69 | R78: 0.5
A79: - | B79: 57 GAS | C79: Licencia | D79: Quincena | E79: F4 | F79: MM BTU | G79: 3031271.3 | H79: 1677743 | I79: 7.235 | J79: 7.235 | O79: 34069719 | P79: 3265473.3 | Q79: 1632736.7 | R79: 0.5
A80: - | B80: Ajustes meses anteriores (4) | O80: 21085432 | P80: 2316566.5 | Q80: 1158283.2
B81: Subtotal | C81: Cusco US$ | G81: 5041157.7 | H81: 3632944.5 | O81: 3.9063388e+08 | P81: 1.2893627e+08 | Q81: 64468134
C82: Cusco S/. | G82: 20.018 | H82: 12.074 | Q82: 2.4891147e+08
A83: Total General | G83: 1.0091389e+08 | H83: 43864172 | I83: 1.4477807e+08 | J83: 1.4477807e+08 | K83: 0 | M83: 0 | N83: 45409.858 | O83: 4.9090334e+08 | P83: 83199074 | Q83: 3.2123163e+08
A85: (*) | B85: Determinación de Canasta de los Líquidos de Gas Natural (VLGNF) | H85: = ( VC * %P + (PB - TF - TT) * (1 - %P))
B86: Simbolo | C86: Descripcion | E86: 1ra. Q | F86: 2da. Q | H86: 1ra. Q
B87: VC | C87: Canasta de Petróleo | E87: 79.2906 | F87: 79.5417 | H87: = (79.2906 * 54.70% + (43.2947 - 21.2630 - 0.0000) * (1 - 54.70%)) | M87: 0.0622 | N87: 0.064199999
B88: PB | C88: Precio del GLP | E88: 43.2947 | F88: 38.8534 | H88: 49.690458 | M88: 0.0942 | N88: 0.0989
B89: TF | C89: Tarifa de Fraccionam. | E89: 21.263 | F89: 21.263 | M89: 0.4 | N89: 0.4
B90: %P | C90: % Contenido Pentanos | E90: 0.547 | F90: 0.5704 | H90: 2da. Q | M90: 0.38
B91: QLGNF | C91: Volumen de LGN | H91: = (79.5417 * 57.04% + (38.8534 - 21.2630 - 0.0000) * (1 - 57.04%))
B92: TT | C92: Tarifa de Transporte | H92: 49.088831
A94: (*) Crudo Garantia de Interoil

Sheet Tot.22
A1: Período de Cálculo: | E1: 44896 | U1: Días en el año | W1: 365
A2: PERUPETRO S.A.
A3: DETERMINACION DEL CANON, SOBRECANON y PARTICIPACION (US$)
A4: ="Correspondiente acumulado al año "&TEXT(E1,"YYYY") -> Correspondiente acumulado al año 2022
A7: Localidad | C7: Modalidad de Contrato | D7: Calculo del Canon | F7: Volumen Producción / Venta | I7: Canasta o Valor Venta (US$/Unidad) | K7: Deducción de Gastos para determinación de valor de producción en Punto de Fiscalización (US$) | O7: Valor de la Producción (US$) | P7: Canon y Sobrecanon / Participación (US$) | U7: RESUMEN POR PETROLERO Y CONDENSADOS | AA7: RESUMEN POR GAS NATURAL | AG7: Control
A8: - Lote | D8: Período | E8: Fórmula | F8: Unidades | G8: 1ra. Q | H8: 2da. Q / Mes | I8: 1ra. Q | J8: 2da. Q / Mes | K8: Flete Marítimo | L8: Comercialización | M8: Oleoducto | N8: Fiscalización | P8: Total | Q8: Localidad 1 | S8: Localidad 2 | U8: Producción / Venta | X8: Valor Prod | Y8: Valor Canon | AA8: Producción / Venta | AD8: Valor Prod | AE8: Valor Canon | AG8: Total | AH8: Valor
A9: Piura / Tumbes | Q9: Piura | S9: Tumbes | U9: Bls/Mes | V9: V P (US$) | W9: Bls/Día | X9: US$/Bl | Y9: US$/Bl | Z9: US$ | AA9: MM BTU/Mes | AB9: V P (US$) | AC9: MM BTU/Día | AD9: US$/MM BTU | AE9: US$/MM BTU | AF9: US$ | AG9: Canon | AH9: Producción
A10: - | B10: I | C10: Servicios | D10: Mes | E10: F1 | F10: Bls | G10: =Ene!G10+Feb!G10+Mar!G10+Abr!G10+May!G10+Jun!G10+Jul!G10+Ago!G10+Set!G10+Oct!G10+Nov!G10+Dic!G10 -> 0 | H10: =Ene!H10+Feb!H10+Mar!H10+Abr!H10+May!H10+Jun!H10+Jul!H10+Ago!H10+Set!H10+Oct!H10+Nov!H10+Dic!H10 -> 826 | N10: =Ene!N10+Feb!N10+Mar!N10+Abr!N10+May!N10+Jun!N10+Jul!N10+Ago!N10+Set!N10+Oct!N10+Nov!N10+Dic!N10 -> 0 | O10: =Ene!O10+Feb!O10+Mar!O10+Abr!O10+May!O10+Jun!O10+Jul!O10+Ago!O10+Set!O10+Oct!O10+Nov!O10+Dic!O10 -> 69778.99 | P10: =Ene!P10+Feb!P10+Mar!P10+Abr!P10+May!P10+Jun!P10+Jul!P10+Ago!P10+Set!P10+Oct!P10+Nov!P10+Dic!P10 -> 13083.56 | Q10: =Ene!Q10+Feb!Q10+Mar!Q10+Abr!Q10+May!Q10+Jun!Q10+Jul!Q10+Ago!Q10+Set!Q10+Oct!Q10+Nov!Q10+Dic!Q10 -> 10466.85 | R10: 0.15 | S10: =Ene!S10+Feb!S10+Mar!S10+Abr!S10+May!S10+Jun!S10+Jul!S10+Ago!S10+Set!S10+Oct!S10+Nov!S10+Dic!S10 -> 2616.71 | T10: 0.0375 | U10: =IF($F10&"/Día"=W$9,SUM($G10:$H10),"") -> 826 | V10: =IF(U10<>"",$O10,"") -> 69778.99 | W10: =IF($F10&"/Día"=W$9,ROUND(U10/$W$1,1),"") -> 2.3 | X10: =IF(U10=0,0,IF($F10&"/Día"=W$9,ROUND(V10/U10,4),"")) -> 84.4782 | Y10: =IF(U10=0,0,IF($F10&"/Día"=W$9,ROUND(Z10/U10,4),"")) -> 15.8397 | Z10: =IF(U10<>"",$P10,"") -> 13083.56 | AA10: =IF($F10&"/Día"=AC$9,SUM($G10:$H10),"") | AB10: =IF(AA10<>"",$O10,"") | AC10: =IF($F10&"/Día"=AC$9,ROUND(AA10/$W$1,1),"") | AD10: =IF(AA10=0,0,IF($F10&"/Día"=AC$9,ROUND(AB10/AA10,4),"")) | AE10: =IF(AA10=0,0,IF($F10&"/Día"=AC$9,ROUND(AF10/AA10,4),"")) | AF10: =IF(AA10<>"",$P10,"") | AH10: =IF(O10=0,"",IF(I10="",H10*J10-SUM(K10:N10)-O10,+(G10*I10+H10*J10)-SUM(K10:N10)-O10)) -> -69778.99
A11: - | B11: I GAS | C11: Servicios | D11: Mes | E11: F1 | F11: MM BTU | G11: =Ene!G11+Feb!G11+Mar!G11+Abr!G11+May!G11+Jun!G11+Jul!G11+Ago!G11+Set!G11+Oct!G11+Nov!G11+Dic!G11 -> 0 | H11: =Ene!H11+Feb!H11+Mar!H11+Abr!H11+May!H11+Jun!H11+Jul!H11+Ago!H11+Set!H11+Oct!H11+Nov!H11+Dic!H11 -> 0 | N11: =Ene!N11+Feb!N11+Mar!N11+Abr!N11+May!N11+Jun!N11+Jul!N11+Ago!N11+Set!N11+Oct!N11+Nov!N11+Dic!N11 -> 0 | O11: =Ene!O11+Feb!O11+Mar!O11+Abr!O11+May!O11+Jun!O11+Jul!O11+Ago!O11+Set!O11+Oct!O11+Nov!O11+Dic!O11 -> 0 | P11: =Ene!P11+Feb!P11+Mar!P11+Abr!P11+May!P11+Jun!P11+Jul!P11+Ago!P11+Set!P11+Oct!P11+Nov!P11+Dic!P11 -> 0 | Q11: =Ene!Q11+Feb!Q11+Mar!Q11+Abr!Q11+May!Q11+Jun!Q11+Jul!Q11+Ago!Q11+Set!Q11+Oct!Q11+Nov!Q11+Dic!Q11 -> 0 | R11: 0.15 | S11: =Ene!S11+Feb!S11+Mar!S11+Abr!S11+May!S11+Jun!S11+Jul!S11+Ago!S11+Set!S11+Oct!S11+Nov!S11+Dic!S11 -> 0 | T11: 0.0375 | U11: =IF($F11&"/Día"=W$9,SUM($G11:$H11),"") | V11: =IF(U11<>"",$O11,"") | W11: =IF($F11&"/Día"=W$9,ROUND(U11/$W$1,1),"") | X11: =IF(U11=0,0,IF($F11&"/Día"=W$9,ROUND(V11/U11,4),"")) | Y11: =IF(U11=0,0,IF($F11&"/Día"=W$9,ROUND(Z11/U11,4),"")) | Z11: =IF(U11<>"",$P11,"") | AA11: =IF($F11&"/Día"=AC$9,SUM($G11:$H11),"") -> 0 | AB11: =IF(AA11<>"",$O11,"") -> 0 | AC11: =IF($F11&"/Día"=AC$9,ROUND(AA11/$W$1,1),"") -> 0 | AD11: =IF(AA11=0,0,IF($F11&"/Día"=AC$9,ROUND(AB11/AA11,4),"")) -> 0 | AE11: =IF(AA11=0,0,IF($F11&"/Día"=AC$9,ROUND(AF11/AA11,4),"")) -> 0 | AF11: =IF(AA11<>"",$P11,"") -> 0 | AH11: =IF(O11=0,"",IF(I11="",H11*J11-SUM(K11:N11)-O11,+(G11*I11+H11*J11)-SUM(K11:N11)-O11))
A12: - | B12: I (T) | C12: Licencia | D12: Quincena | E12: F1 | F12: Bls | G12: =Ene!G12+Feb!G12+Mar!G12+Abr!G12+May!G12+Jun!G12+Jul!G12+Ago!G12+Set!G12+Oct!G12+Nov!G12+Dic!G12 -> 59630 | H12: =Ene!H12+Feb!H12+Mar!H12+Abr!H12+May!H12+Jun!H12+Jul!H12+Ago!H12+Set!H12+Oct!H12+Nov!H12+Dic!H12 -> 123060 | N12: =Ene!N12+Feb!N12+Mar!N12+Abr!N12+May!N12+Jun!N12+Jul!N12+Ago!N12+Set!N12+Oct!N12+Nov!N12+Dic!N12 -> 3989.5693 | O12: =Ene!O12+Feb!O12+Mar!O12+Abr!O12+May!O12+Jun!O12+Jul!O12+Ago!O12+Set!O12+Oct!O12+Nov!O12+Dic!O12 -> 16989315 | P12: =Ene!P12+Feb!P12+Mar!P12+Abr!P12+May!P12+Jun!P12+Jul!P12+Ago!P12+Set!P12+Oct!P12+Nov!P12+Dic!P12 -> 3185496.6 | Q12: =Ene!Q12+Feb!Q12+Mar!Q12+Abr!Q12+May!Q12+Jun!Q12+Jul!Q12+Ago!Q12+Set!Q12+Oct!Q12+Nov!Q12+Dic!Q12 -> 2548397.2 | R12: 0.15 | S12: =Ene!S12+Feb!S12+Mar!S12+Abr!S12+May!S12+Jun!S12+Jul!S12+Ago!S12+Set!S12+Oct!S12+Nov!S12+Dic!S12 -> 637099.31 | T12: 0.0375
A13: - | B13: I GAS (T) | C13: Licencia | D13: Quincena | E13: F1 | F13: MM BTU | G13: =Ene!G13+Feb!G13+Mar!G13+Abr!G13+May!G13+Jun!G13+Jul!G13+Ago!G13+Set!G13+Oct!G13+Nov!G13+Dic!G13 -> 588019.43 | H13: =Ene!H13+Feb!H13+Mar!H13+Abr!H13+May!H13+Jun!H13+Jul!H13+Ago!H13+Set!H13+Oct!H13+Nov!H13+Dic!H13 -> 611425.83 | N13: =Ene!N13+Feb!N13+Mar!N13+Abr!N13+May!N13+Jun!N13+Jul!N13+Ago!N13+Set!N13+Oct!N13+Nov!N13+Dic!N13 -> 11194.1 | O13: =Ene!O13+Feb!O13+Mar!O13+Abr!O13+May!O13+Jun!O13+Jul!O13+Ago!O13+Set!O13+Oct!O13+Nov!O13+Dic!O13 -> 3587141.7 | P13: =Ene!P13+Feb!P13+Mar!P13+Abr!P13+May!P13+Jun!P13+Jul!P13+Ago!P13+Set!P13+Oct!P13+Nov!P13+Dic!P13 -> 672589.06 | Q13: =Ene!Q13+Feb!Q13+Mar!Q13+Abr!Q13+May!Q13+Jun!Q13+Jul!Q13+Ago!Q13+Set!Q13+Oct!Q13+Nov!Q13+Dic!Q13 -> 538071.26 | R13: 0.15 | S13: =Ene!S13+Feb!S13+Mar!S13+Abr!S13+May!S13+Jun!S13+Jul!S13+Ago!S13+Set!S13+Oct!S13+Nov!S13+Dic!S13 -> 134517.81 | T13: 0.0375 | U13: =IF($F13&"/Día"=W$9,SUM($G13:$H13),"") | V13: =IF(U13<>"",$O13,"") | W13: =IF($F13&"/Día"=W$9,ROUND(U13/$W$1,1),"") | X13: =IF(U13=0,0,IF($F13&"/Día"=W$9,ROUND(V13/U13,4),"")) | Y13: =IF(U13=0,0,IF($F13&"/Día"=W$9,ROUND(Z13/U13,4),"")) | Z13: =IF(U13<>"",$P13,"") | AA13: =IF($F13&"/Día"=AC$9,SUM($G13:$H13),"") -> 1199445.3 | AB13: =IF(AA13<>"",$O13,"") -> 3587141.7 | AC13: =IF($F13&"/Día"=AC$9,ROUND(AA13/$W$1,1),"") -> 3286.2 | AD13: =IF(AA13=0,0,IF($F13&"/Día"=AC$9,ROUND(AB13/AA13,4),"")) -> 2.9907 | AE13: =IF(AA13=0,0,IF($F13&"/Día"=AC$9,ROUND(AF13/AA13,4),"")) -> 0.5608 | AF13: =IF(AA13<>"",$P13,"") -> 672589.06 | AH13: =IF(O13=0,"",IF(I13="",H13*J13-SUM(K13:N13)-O13,+(G13*I13+H13*J13)-SUM(K13:N13)-O13)) -> -3598335.8
A14: - | B14: II | C14: Licencia | D14: Quincena | E14: F2 | F14: Bls | G14: =Ene!G14+Feb!G14+Mar!G14+Abr!G14+May!G14+Jun!G14+Jul!G14+Ago!G14+Set!G14+Oct!G14+Nov!G14+Dic!G14 -> 75179 | H14: =Ene!H14+Feb!H14+Mar!H14+Abr!H14+May!H14+Jun!H14+Jul!H14+Ago!H14+Set!H14+Oct!H14+Nov!H14+Dic!H14 -> 78534 | N14: =Ene!N14+Feb!N14+Mar!N14+Abr!N14+May!N14+Jun!N14+Jul!N14+Ago!N14+Set!N14+Oct!N14+Nov!N14+Dic!N14 -> 10308.948 | O14: =Ene!O14+Feb!O14+Mar!O14+Abr!O14+May!O14+Jun!O14+Jul!O14+Ago!O14+Set!O14+Oct!O14+Nov!O14+Dic!O14 -> 14918573 | P14: =Ene!P14+Feb!P14+Mar!P14+Abr!P14+May!P14+Jun!P14+Jul!P14+Ago!P14+Set!P14+Oct!P14+Nov!P14+Dic!P14 -> 2797232.5 | Q14: =Ene!Q14+Feb!Q14+Mar!Q14+Abr!Q14+May!Q14+Jun!Q14+Jul!Q14+Ago!Q14+Set!Q14+Oct!Q14+Nov!Q14+Dic!Q14 -> 2237786 | R14: 0.15 | S14: =Ene!S14+Feb!S14+Mar!S14+Abr!S14+May!S14+Jun!S14+Jul!S14+Ago!S14+Set!S14+Oct!S14+Nov!S14+Dic!S14 -> 559446.49 | T14: 0.0375 | U14: =IF($F14&"/Día"=W$9,SUM($G14:$H14),"") -> 153713 | V14: =IF(U14<>"",$O14,"") -> 14918573 | W14: =IF($F14&"/Día"=W$9,ROUND(U14/$W$1,1),"") -> 421.1 | X14: =IF(U14=0,0,IF($F14&"/Día"=W$9,ROUND(V14/U14,4),"")) -> 97.0547 | Y14: =IF(U14=0,0,IF($F14&"/Día"=W$9,ROUND(Z14/U14,4),"")) -> 18.1978 | Z14: =IF(U14<>"",$P14,"") -> 2797232.5 | AA14: =IF($F14&"/Día"=AC$9,SUM($G14:$H14),"") | AB14: =IF(AA14<>"",$O14,"") | AC14: =IF($F14&"/Día"=AC$9,ROUND(AA14/$W$1,1),"") | AD14: =IF(AA14=0,0,IF($F14&"/Día"=AC$9,ROUND(AB14/AA14,4),"")) | AE14: =IF(AA14=0,0,IF($F14&"/Día"=AC$9,ROUND(AF14/AA14,4),"")) | AF14: =IF(AA14<>"",$P14,"") | AH14: =IF(O14=0,"",IF(I14="",H14*J14-SUM(K14:N14)-O14,+(G14*I14+H14*J14)-SUM(K14:N14)-O14)) -> -14928882
A15: - | B15: II-GAS | C15: Servicios | D15: Mes | E15: F1 | F15: MM BTU | G15: =Ene!G15+Feb!G15+Mar!G15+Abr!G15+May!G15+Jun!G15+Jul!G15+Ago!G15+Set!G15+Oct!G15+Nov!G15+Dic!G15 -> 263119.63 | H15: =Ene!H15+Feb!H15+Mar!H15+Abr!H15+May!H15+Jun!H15+Jul!H15+Ago!H15+Set!H15+Oct!H15+Nov!H15+Dic!H15 -> 256856.89 | N15: =Ene!N15+Feb!N15+Mar!N15+Abr!N15+May!N15+Jun!N15+Jul!N15+Ago!N15+Set!N15+Oct!N15+Nov!N15+Dic!N15 -> 11013.519 | O15: =Ene!O15+Feb!O15+Mar!O15+Abr!O15+May!O15+Jun!O15+Jul!O15+Ago!O15+Set!O15+Oct!O15+Nov!O15+Dic!O15 -> 1381223.6 | P15: =Ene!P15+Feb!P15+Mar!P15+Abr!P15+May!P15+Jun!P15+Jul!P15+Ago!P15+Set!P15+Oct!P15+Nov!P15+Dic!P15 -> 258979.43 | Q15: =Ene!Q15+Feb!Q15+Mar!Q15+Abr!Q15+May!Q15+Jun!Q15+Jul!Q15+Ago!Q15+Set!Q15+Oct!Q15+Nov!Q15+Dic!Q15 -> 207183.55 | R15: 0.15 | S15: =Ene!S15+Feb!S15+Mar!S15+Abr!S15+May!S15+Jun!S15+Jul!S15+Ago!S15+Set!S15+Oct!S15+Nov!S15+Dic!S15 -> 51795.88 | T15: 0.0375 | U15: =IF($F15&"/Día"=W$9,SUM($G15:$H15),"") | V15: =IF(U15<>"",$O15,"") | W15: =IF($F15&"/Día"=W$9,ROUND(U15/$W$1,1),"") | X15: =IF(U15=0,0,IF($F15&"/Día"=W$9,ROUND(V15/U15,4),"")) | Y15: =IF(U15=0,0,IF($F15&"/Día"=W$9,ROUND(Z15/U15,4),"")) | Z15: =IF(U15<>"",$P15,"") | AA15: =IF($F15&"/Día"=AC$9,SUM($G15:$H15),"") -> 519976.52 | AB15: =IF(AA15<>"",$O15,"") -> 1381223.6 | AC15: =IF($F15&"/Día"=AC$9,ROUND(AA15/$W$1,1),"") -> 1424.6 | AD15: =IF(AA15=0,0,IF($F15&"/Día"=AC$9,ROUND(AB15/AA15,4),"")) -> 2.6563 | AE15: =IF(AA15=0,0,IF($F15&"/Día"=AC$9,ROUND(AF15/AA15,4),"")) -> 0.4981 | AF15: =IF(AA15<>"",$P15,"") -> 258979.43 | AH15: =IF(O15=0,"",IF(I15="",H15*J15-SUM(K15:N15)-O15,+(G15*I15+H15*J15)-SUM(K15:N15)-O15)) -> -1392237.1
A16: - | B16: III | C16: Licencia | D16: Quincena | E16: F2 | F16: Bls | G16: =Ene!G16+Feb!G16+Mar!G16+Abr!G16+May!G16+Jun!G16+Jul!G16+Ago!G16+Set!G16+Oct!G16+Nov!G16+Dic!G16 -> 72349 | H16: =Ene!H16+Feb!H16+Mar!H16+Abr!H16+May!H16+Jun!H16+Jul!H16+Ago!H16+Set!H16+Oct!H16+Nov!H16+Dic!H16 -> 87735 | N16: =Ene!N16+Feb!N16+Mar!N16+Abr!N16+May!N16+Jun!N16+Jul!N16+Ago!N16+Set!N16+Oct!N16+Nov!N16+Dic!N16 -> 6104.2352 | O16: =Ene!O16+Feb!O16+Mar!O16+Abr!O16+May!O16+Jun!O16+Jul!O16+Ago!O16+Set!O16+Oct!O16+Nov!O16+Dic!O16 -> 15227586 | P16: =Ene!P16+Feb!P16+Mar!P16+Abr!P16+May!P16+Jun!P16+Jul!P16+Ago!P16+Set!P16+Oct!P16+Nov!P16+Dic!P16 -> 2855172.5 | Q16: =Ene!Q16+Feb!Q16+Mar!Q16+Abr!Q16+May!Q16+Jun!Q16+Jul!Q16+Ago!Q16+Set!Q16+Oct!Q16+Nov!Q16+Dic!Q16 -> 2284137.9 | R16: 0.15 | S16: =Ene!S16+Feb!S16+Mar!S16+Abr!S16+May!S16+Jun!S16+Jul!S16+Ago!S16+Set!S16+Oct!S16+Nov!S16+Dic!S16 -> 571034.49 | T16: 0.0375 | U16: =IF($F16&"/Día"=W$9,SUM($G16:$H16),"") -> 160084 | V16: =IF(U16<>"",$O16,"") -> 15227586 | W16: =IF($F16&"/Día"=W$9,ROUND(U16/$W$1,1),"") -> 438.6 | X16: =IF(U16=0,0,IF($F16&"/Día"=W$9,ROUND(V16/U16,4),"")) -> 95.1225 | Y16: =IF(U16=0,0,IF($F16&"/Día"=W$9,ROUND(Z16/U16,4),"")) -> 17.8355 | Z16: =IF(U16<>"",$P16,"") -> 2855172.5 | AA16: =IF($F16&"/Día"=AC$9,SUM($G16:$H16),"") | AB16: =IF(AA16<>"",$O16,"") | AC16: =IF($F16&"/Día"=AC$9,ROUND(AA16/$W$1,1),"") | AD16: =IF(AA16=0,0,IF($F16&"/Día"=AC$9,ROUND(AB16/AA16,4),"")) | AE16: =IF(AA16=0,0,IF($F16&"/Día"=AC$9,ROUND(AF16/AA16,4),"")) | AF16: =IF(AA16<>"",$P16,"") | AH16: =IF(O16=0,"",IF(I16="",H16*J16-SUM(K16:N16)-O16,+(G16*I16+H16*J16)-SUM(K16:N16)-O16)) -> -15233691
A17: - | B17: IV | C17: Licencia | D17: Quincena | E17: F2 | F17: Bls | G17: =Ene!G17+Feb!G17+Mar!G17+Abr!G17+May!G17+Jun!G17+Jul!G17+Ago!G17+Set!G17+Oct!G17+Nov!G17+Dic!G17 -> 326970 | H17: =Ene!H17+Feb!H17+Mar!H17+Abr!H17+May!H17+Jun!H17+Jul!H17+Ago!H17+Set!H17+Oct!H17+Nov!H17+Dic!H17 -> 362299 | N17: =Ene!N17+Feb!N17+Mar!N17+Abr!N17+May!N17+Jun!N17+Jul!N17+Ago!N17+Set!N17+Oct!N17+Nov!N17+Dic!N17 -> 15766.439 | O17: =Ene!O17+Feb!O17+Mar!O17+Abr!O17+May!O17+Jun!O17+Jul!O17+Ago!O17+Set!O17+Oct!O17+Nov!O17+Dic!O17 -> 65774112 | P17: =Ene!P17+Feb!P17+Mar!P17+Abr!P17+May!P17+Jun!P17+Jul!P17+Ago!P17+Set!P17+Oct!P17+Nov!P17+Dic!P17 -> 12332646 | Q17: =Ene!Q17+Feb!Q17+Mar!Q17+Abr!Q17+May!Q17+Jun!Q17+Jul!Q17+Ago!Q17+Set!Q17+Oct!Q17+Nov!Q17+Dic!Q17 -> 9866116.8 | R17: 0.15 | S17: =Ene!S17+Feb!S17+Mar!S17+Abr!S17+May!S17+Jun!S17+Jul!S17+Ago!S17+Set!S17+Oct!S17+Nov!S17+Dic!S17 -> 2466529.2 | T17: 0.0375 | U17: =IF($F17&"/Día"=W$9,SUM($G17:$H17),"") -> 689269 | V17: =IF(U17<>"",$O17,"") -> 65774112 | W17: =IF($F17&"/Día"=W$9,ROUND(U17/$W$1,1),"") -> 1888.4 | X17: =IF(U17=0,0,IF($F17&"/Día"=W$9,ROUND(V17/U17,4),"")) -> 95.4259 | Y17: =IF(U17=0,0,IF($F17&"/Día"=W$9,ROUND(Z17/U17,4),"")) -> 17.8924 | Z17: =IF(U17<>"",$P17,"") -> 12332646 | AA17: =IF($F17&"/Día"=AC$9,SUM($G17:$H17),"") | AB17: =IF(AA17<>"",$O17,"") | AC17: =IF($F17&"/Día"=AC$9,ROUND(AA17/$W$1,1),"") | AD17: =IF(AA17=0,0,IF($F17&"/Día"=AC$9,ROUND(AB17/AA17,4),"")) | AE17: =IF(AA17=0,0,IF($F17&"/Día"=AC$9,ROUND(AF17/AA17,4),"")) | AF17: =IF(AA17<>"",$P17,"") | AH17: =IF(O17=0,"",IF(I17="",H17*J17-SUM(K17:N17)-O17,+(G17*I17+H17*J17)-SUM(K17:N17)-O17)) -> -65789879
A18: - | B18: III (T) | C18: Licencia | D18: Quincena | E18: F2 | F18: Bls | G18: =Ene!G18+Feb!G18+Mar!G18+Abr!G18+May!G18+Jun!G18+Jul!G18+Ago!G18+Set!G18+Oct!G18+Nov!G18+Dic!G18 -> 29903 | H18: =Ene!H18+Feb!H18+Mar!H18+Abr!H18+May!H18+Jun!H18+Jul!H18+Ago!H18+Set!H18+Oct!H18+Nov!H18+Dic!H18 -> 38780 | N18: =Ene!N18+Feb!N18+Mar!N18+Abr!N18+May!N18+Jun!N18+Jul!N18+Ago!N18+Set!N18+Oct!N18+Nov!N18+Dic!N18 -> 1244.3622 | O18: =Ene!O18+Feb!O18+Mar!O18+Abr!O18+May!O18+Jun!O18+Jul!O18+Ago!O18+Set!O18+Oct!O18+Nov!O18+Dic!O18 -> 5566617 | P18: =Ene!P18+Feb!P18+Mar!P18+Abr!P18+May!P18+Jun!P18+Jul!P18+Ago!P18+Set!P18+Oct!P18+Nov!P18+Dic!P18 -> 1043740.7 | Q18: =Ene!Q18+Feb!Q18+Mar!Q18+Abr!Q18+May!Q18+Jun!Q18+Jul!Q18+Ago!Q18+Set!Q18+Oct!Q18+Nov!Q18+Dic!Q18 -> 834992.54 | R18: 0.15 | S18: =Ene!S18+Feb!S18+Mar!S18+Abr!S18+May!S18+Jun!S18+Jul!S18+Ago!S18+Set!S18+Oct!S18+Nov!S18+Dic!S18 -> 208748.14 | T18: 0.0375
A19: - | B19: IV (T) | C19: Licencia | D19: Quincena | E19: F2 | F19: Bls | G19: =Ene!G19+Feb!G19+Mar!G19+Abr!G19+May!G19+Jun!G19+Jul!G19+Ago!G19+Set!G19+Oct!G19+Nov!G19+Dic!G19 -> 78053 | H19: =Ene!H19+Feb!H19+Mar!H19+Abr!H19+May!H19+Jun!H19+Jul!H19+Ago!H19+Set!H19+Oct!H19+Nov!H19+Dic!H19 -> 84741 | N19: =Ene!N19+Feb!N19+Mar!N19+Abr!N19+May!N19+Jun!N19+Jul!N19+Ago!N19+Set!N19+Oct!N19+Nov!N19+Dic!N19 -> 3202.547 | O19: =Ene!O19+Feb!O19+Mar!O19+Abr!O19+May!O19+Jun!O19+Jul!O19+Ago!O19+Set!O19+Oct!O19+Nov!O19+Dic!O19 -> 13416920 | P19: =Ene!P19+Feb!P19+Mar!P19+Abr!P19+May!P19+Jun!P19+Jul!P19+Ago!P19+Set!P19+Oct!P19+Nov!P19+Dic!P19 -> 2515672.5 | Q19: =Ene!Q19+Feb!Q19+Mar!Q19+Abr!Q19+May!Q19+Jun!Q19+Jul!Q19+Ago!Q19+Set!Q19+Oct!Q19+Nov!Q19+Dic!Q19 -> 2012538.1 | R19: 0.15 | S19: =Ene!S19+Feb!S19+Mar!S19+Abr!S19+May!S19+Jun!S19+Jul!S19+Ago!S19+Set!S19+Oct!S19+Nov!S19+Dic!S19 -> 503134.51 | T19: 0.0375
A20: - | B20: IV-GAS | C20: Licencia | D20: Quincena | E20: F2 | F20: Bls | G20: =Ene!G20+Feb!G20+Mar!G20+Abr!G18+May!G20+Jun!G20+Jul!G20+Ago!G20+Set!G20+Oct!G20+Nov!G20+Dic!G20 -> 357728.29 | H20: =Ene!H20+Feb!H20+Mar!H20+Abr!H18+May!H20+Jun!H20+Jul!H20+Ago!H20+Set!H20+Oct!H20+Nov!H20+Dic!H20 -> 420122.4 | N20: =Ene!N20+Feb!N20+Mar!N20+Abr!N20+May!N20+Jun!N20+Jul!N20+Ago!N20+Set!N20+Oct!N20+Nov!N20+Dic!N20 -> 0 | O20: =Ene!O20+Feb!O20+Mar!O20+Abr!O20+May!O20+Jun!O20+Jul!O20+Ago!O20+Set!O20+Oct!O20+Nov!O20+Dic!O20 -> 3804005.8 | P20: =Ene!P20+Feb!P20+Mar!P20+Abr!P20+May!P20+Jun!P20+Jul!P20+Ago!P20+Set!P20+Oct!P20+Nov!P20+Dic!P20 -> 713251.08 | Q20: =Ene!Q20+Feb!Q20+Mar!Q20+Abr!Q20+May!Q20+Jun!Q20+Jul!Q20+Ago!Q20+Set!Q20+Oct!Q20+Nov!Q20+Dic!Q20 -> 570600.88 | R20: 0.15 | S20: =Ene!S20+Feb!S20+Mar!S20+Abr!S20+May!S20+Jun!S20+Jul!S20+Ago!S20+Set!S20+Oct!S20+Nov!S20+Dic!S20 -> 142650.21 | T20: 0.0375 | U20: =IF($F20&"/Día"=W$9,SUM($G20:$H20),"") -> 777850.69 | V20: =IF(U20<>"",$O20,"") -> 3804005.8 | W20: =IF($F20&"/Día"=W$9,ROUND(U20/$W$1,1),"") -> 2131.1 | X20: =IF(U20=0,0,IF($F20&"/Día"=W$9,ROUND(V20/U20,4),"")) -> 4.8904 | Y20: =IF(U20=0,0,IF($F20&"/Día"=W$9,ROUND(Z20/U20,4),"")) -> 0.917 | Z20: =IF(U20<>"",$P20,"") -> 713251.08 | AA20: =IF($F20&"/Día"=AC$9,SUM($G20:$H20),"") | AB20: =IF(AA20<>"",$O20,"") | AC20: =IF($F20&"/Día"=AC$9,ROUND(AA20/$W$1,1),"") | AD20: =IF(AA20=0,0,IF($F20&"/Día"=AC$9,ROUND(AB20/AA20,4),"")) | AE20: =IF(AA20=0,0,IF($F20&"/Día"=AC$9,ROUND(AF20/AA20,4),"")) | AF20: =IF(AA20<>"",$P20,"") | AH20: =IF(O20=0,"",IF(I20="",H20*J20-SUM(K20:N20)-O20,+(G20*I20+H20*J20)-SUM(K20:N20)-O20)) -> -3804005.8
A21: - | B21: V | C21: Servicios | D21: Mes | E21: F1 | F21: Bls | G21: =Ene!G21+Feb!G21+Mar!G21+Abr!G19+May!G21+Jun!G21+Jul!G21+Ago!G21+Set!G21+Oct!G21+Nov!G21+Dic!G21 -> 0 | H21: =Ene!H21+Feb!H21+Mar!H21+Abr!H19+May!H21+Jun!H21+Jul!H21+Ago!H21+Set!H21+Oct!H21+Nov!H21+Dic!H21 -> 35850 | N21: =Ene!N21+Feb!N21+Mar!N21+Abr!N21+May!N21+Jun!N21+Jul!N21+Ago!N21+Set!N21+Oct!N21+Nov!N21+Dic!N21 -> 8696.5393 | O21: =Ene!O21+Feb!O21+Mar!O21+Abr!O21+May!O21+Jun!O21+Jul!O21+Ago!O21+Set!O21+Oct!O21+Nov!O21+Dic!O21 -> 3574390.6 | P21: =Ene!P21+Feb!P21+Mar!P21+Abr!P21+May!P21+Jun!P21+Jul!P21+Ago!P21+Set!P21+Oct!P21+Nov!P21+Dic!P21 -> 670198.23 | Q21: =Ene!Q21+Feb!Q21+Mar!Q21+Abr!Q21+May!Q21+Jun!Q21+Jul!Q21+Ago!Q21+Set!Q21+Oct!Q21+Nov!Q21+Dic!Q21 -> 536158.58 | R21: 0.15 | S21: =Ene!S21+Feb!S21+Mar!S21+Abr!S21+May!S21+Jun!S21+Jul!S21+Ago!S21+Set!S21+Oct!S21+Nov!S21+Dic!S21 -> 134039.65 | T21: 0.0375 | U21: =IF($F21&"/Día"=W$9,SUM($G21:$H21),"") -> 35850 | V21: =IF(U21<>"",$O21,"") -> 3574390.6 | W21: =IF($F21&"/Día"=W$9,ROUND(U21/$W$1,1),"") -> 98.2 | X21: =IF(U21=0,0,IF($F21&"/Día"=W$9,ROUND(V21/U21,4),"")) -> 99.7041 | Y21: =IF(U21=0,0,IF($F21&"/Día"=W$9,ROUND(Z21/U21,4),"")) -> 18.6945 | Z21: =IF(U21<>"",$P21,"") -> 670198.23 | AA21: =IF($F21&"/Día"=AC$9,SUM($G21:$H21),"") | AB21: =IF(AA21<>"",$O21,"") | AC21: =IF($F21&"/Día"=AC$9,ROUND(AA21/$W$1,1),"") | AD21: =IF(AA21=0,0,IF($F21&"/Día"=AC$9,ROUND(AB21/AA21,4),"")) | AE21: =IF(AA21=0,0,IF($F21&"/Día"=AC$9,ROUND(AF21/AA21,4),"")) | AF21: =IF(AA21<>"",$P21,"") | AH21: =IF(O21=0,"",IF(I21="",H21*J21-SUM(K21:N21)-O21,+(G21*I21+H21*J21)-SUM(K21:N21)-O21)) -> -3583087.1
A22: - | B22: VII/VI | C22: Licencia | D22: Quincena | E22: F2 | F22: Bls | G22: =Ene!G22+Feb!G22+Mar!G22+Abr!G20+May!G22+Jun!G22+Jul!G22+Ago!G22+Set!G22+Oct!G22+Nov!G22+Dic!G22 -> 578270.78 | H22: =Ene!H22+Feb!H22+Mar!H22+Abr!H20+May!H22+Jun!H22+Jul!H22+Ago!H22+Set!H22+Oct!H22+Nov!H22+Dic!H22 -> 674593.17 | N22: =Ene!N22+Feb!N22+Mar!N22+Abr!N22+May!N22+Jun!N22+Jul!N22+Ago!N22+Set!N22+Oct!N22+Nov!N22+Dic!N22 -> 52875.931 | O22: =Ene!O22+Feb!O22+Mar!O22+Abr!O22+May!O22+Jun!O22+Jul!O22+Ago!O22+Set!O22+Oct!O22+Nov!O22+Dic!O22 -> 1.2068078e+08 | P22: =Ene!P22+Feb!P22+Mar!P22+Abr!P22+May!P22+Jun!P22+Jul!P22+Ago!P22+Set!P22+Oct!P22+Nov!P22+Dic!P22 -> 22627646 | Q22: =Ene!Q22+Feb!Q22+Mar!Q22+Abr!Q22+May!Q22+Jun!Q22+Jul!Q22+Ago!Q22+Set!Q22+Oct!Q22+Nov!Q22+Dic!Q22 -> 18102117 | R22: 0.15 | S22: =Ene!S22+Feb!S22+Mar!S22+Abr!S22+May!S22+Jun!S22+Jul!S22+Ago!S22+Set!S22+Oct!S22+Nov!S22+Dic!S22 -> 4525529.2 | T22: 0.0375 | U22: =IF($F22&"/Día"=W$9,SUM($G22:$H22),"") -> 1252863.9 | V22: =IF(U22<>"",$O22,"") -> 1.2068078e+08 | W22: =IF($F22&"/Día"=W$9,ROUND(U22/$W$1,1),"") -> 3432.5 | X22: =IF(U22=0,0,IF($F22&"/Día"=W$9,ROUND(V22/U22,4),"")) -> 96.3239 | Y22: =IF(U22=0,0,IF($F22&"/Día"=W$9,ROUND(Z22/U22,4),"")) -> 18.0607 | Z22: =IF(U22<>"",$P22,"") -> 22627646 | AA22: =IF($F22&"/Día"=AC$9,SUM($G22:$H22),"") | AB22: =IF(AA22<>"",$O22,"") | AC22: =IF($F22&"/Día"=AC$9,ROUND(AA22/$W$1,1),"") | AD22: =IF(AA22=0,0,IF($F22&"/Día"=AC$9,ROUND(AB22/AA22,4),"")) | AE22: =IF(AA22=0,0,IF($F22&"/Día"=AC$9,ROUND(AF22/AA22,4),"")) | AF22: =IF(AA22<>"",$P22,"") | AH22: =IF(O22=0,"",IF(I22="",H22*J22-SUM(K22:N22)-O22,+(G22*I22+H22*J22)-SUM(K22:N22)-O22)) -> -1.2073365e+08
A23: - | B23: VII | C23: Servicios | D23: Mes | E23: F1 | F23: Bls | G23: =Ene!G23+Feb!G23+Mar!G23+Abr!G23+May!G23+Jun!G23+Jul!G23+Ago!G23+Set!G23+Oct!G23+Nov!G23+Dic!G23 -> 0 | H23: =Ene!H23+Feb!H23+Mar!H23+Abr!H23+May!H23+Jun!H23+Jul!H23+Ago!H23+Set!H23+Oct!H23+Nov!H23+Dic!H23 -> 0 | N23: =Ene!N23+Feb!N23+Mar!N23+Abr!N23+May!N23+Jun!N23+Jul!N23+Ago!N23+Set!N23+Oct!N23+Nov!N23+Dic!N23 -> 0 | O23: =Ene!O23+Feb!O23+Mar!O23+Abr!O23+May!O23+Jun!O23+Jul!O23+Ago!O23+Set!O23+Oct!O23+Nov!O23+Dic!O23 -> 0 | P23: =Ene!P23+Feb!P23+Mar!P23+Abr!P23+May!P23+Jun!P23+Jul!P23+Ago!P23+Set!P23+Oct!P23+Nov!P23+Dic!P23 -> 0 | Q23: =Ene!Q23+Feb!Q23+Mar!Q23+Abr!Q23+May!Q23+Jun!Q23+Jul!Q23+Ago!Q23+Set!Q23+Oct!Q23+Nov!Q23+Dic!Q23 -> 0 | R23: 0.15 | S23: =Ene!S23+Feb!S23+Mar!S23+Abr!S23+May!S23+Jun!S23+Jul!S23+Ago!S23+Set!S23+Oct!S23+Nov!S23+Dic!S23 -> 0 | T23: 0.0375 | U23: =IF($F23&"/Día"=W$9,SUM($G23:$H23),"") -> 0 | V23: =IF(U23<>"",$O23,"") -> 0 | W23: =IF($F23&"/Día"=W$9,ROUND(U23/$W$1,1),"") -> 0 | X23: =IF(U23=0,0,IF($F23&"/Día"=W$9,ROUND(V23/U23,4),"")) -> 0 | Y23: =IF(U23=0,0,IF($F23&"/Día"=W$9,ROUND(Z23/U23,4),"")) -> 0 | Z23: =IF(U23<>"",$P23,"") -> 0 | AA23: =IF($F23&"/Día"=AC$9,SUM($G23:$H23),"") | AB23: =IF(AA23<>"",$O23,"") | AC23: =IF($F23&"/Día"=AC$9,ROUND(AA23/$W$1,1),"") | AD23: =IF(AA23=0,0,IF($F23&"/Día"=AC$9,ROUND(AB23/AA23,4),"")) | AE23: =IF(AA23=0,0,IF($F23&"/Día"=AC$9,ROUND(AF23/AA23,4),"")) | AF23: =IF(AA23<>"",$P23,"") | AH23: =IF(O23=0,"",IF(I23="",H23*J23-SUM(K23:N23)-O23,+(G23*I23+H23*J23)-SUM(K23:N23)-O23))
A24: - | B24: VII/VI-GAS | C24: Licencia | D24: Quincena | E24: F2 | F24: MM BTU | G24: =Ene!G24+Feb!G24+Mar!G24+Abr!G22+May!G24+Jun!G24+Jul!G24+Ago!G24+Set!G24+Oct!G24+Nov!G24+Dic!G24 -> 774078.26 | H24: =Ene!H24+Feb!H24+Mar!H24+Abr!H22+May!H24+Jun!H24+Jul!H24+Ago!H24+Set!H24+Oct!H24+Nov!H24+Dic!H24 -> 802041.6 | N24: =Ene!N24+Feb!N24+Mar!N24+Abr!N24+May!N24+Jun!N24+Jul!N24+Ago!N24+Set!N24+Oct!N24+Nov!N24+Dic!N24 -> 12385.158 | O24: =Ene!O24+Feb!O24+Mar!O24+Abr!O24+May!O24+Jun!O24+Jul!O24+Ago!O24+Set!O24+Oct!O24+Nov!O24+Dic!O24 -> 2612238.9 | P24: =Ene!P24+Feb!P24+Mar!P24+Abr!P24+May!P24+Jun!P24+Jul!P24+Ago!P24+Set!P24+Oct!P24+Nov!P24+Dic!P24 -> 489794.78 | Q24: =Ene!Q24+Feb!Q24+Mar!Q24+Abr!Q24+May!Q24+Jun!Q24+Jul!Q24+Ago!Q24+Set!Q24+Oct!Q24+Nov!Q24+Dic!Q24 -> 391835.82 | R24: 0.15 | S24: =Ene!S24+Feb!S24+Mar!S24+Abr!S24+May!S24+Jun!S24+Jul!S24+Ago!S24+Set!S24+Oct!S24+Nov!S24+Dic!S24 -> 97958.96 | T24: 0.0375 | U24: =IF($F24&"/Día"=W$9,SUM($G24:$H24),"") | V24: =IF(U24<>"",$O24,"") | W24: =IF($F24&"/Día"=W$9,ROUND(U24/$W$1,1),"") | X24: =IF(U24=0,0,IF($F24&"/Día"=W$9,ROUND(V24/U24,4),"")) | Y24: =IF(U24=0,0,IF($F24&"/Día"=W$9,ROUND(Z24/U24,4),"")) | Z24: =IF(U24<>"",$P24,"") | AA24: =IF($F24&"/Día"=AC$9,SUM($G24:$H24),"") -> 1576119.9 | AB24: =IF(AA24<>"",$O24,"") -> 2612238.9 | AC24: =IF($F24&"/Día"=AC$9,ROUND(AA24/$W$1,1),"") -> 4318.1 | AD24: =IF(AA24=0,0,IF($F24&"/Día"=AC$9,ROUND(AB24/AA24,4),"")) -> 1.6574 | AE24: =IF(AA24=0,0,IF($F24&"/Día"=AC$9,ROUND(AF24/AA24,4),"")) -> 0.3108 | AF24: =IF(AA24<>"",$P24,"") -> 489794.78 | AH24: =IF(O24=0,"",IF(I24="",H24*J24-SUM(K24:N24)-O24,+(G24*I24+H24*J24)-SUM(K24:N24)-O24)) -> -2624624.1
A25: - | B25: IX | C25: Servicios | D25: Mes | E25: F1 | F25: Bls | G25: =Ene!G25+Feb!G25+Mar!G25+Abr!G25+May!G25+Jun!G25+Jul!G25+Ago!G25+Set!G25+Oct!G25+Nov!G25+Dic!G25 -> 23717 | H25: =Ene!H25+Feb!H25+Mar!H25+Abr!H25+May!H25+Jun!H25+Jul!H25+Ago!H25+Set!H25+Oct!H25+Nov!H25+Dic!H25 -> 32229 | N25: =Ene!N25+Feb!N25+Mar!N25+Abr!N25+May!N25+Jun!N25+Jul!N25+Ago!N25+Set!N25+Oct!N25+Nov!N25+Dic!N25 -> 4290.5414 | O25: =Ene!O25+Feb!O25+Mar!O25+Abr!O25+May!O25+Jun!O25+Jul!O25+Ago!O25+Set!O25+Oct!O25+Nov!O25+Dic!O25 -> 5202212.2 | P25: =Ene!P25+Feb!P25+Mar!P25+Abr!P25+May!P25+Jun!P25+Jul!P25+Ago!P25+Set!P25+Oct!P25+Nov!P25+Dic!P25 -> 975414.78 | Q25: =Ene!Q25+Feb!Q25+Mar!Q25+Abr!Q25+May!Q25+Jun!Q25+Jul!Q25+Ago!Q25+Set!Q25+Oct!Q25+Nov!Q25+Dic!Q25 -> 780331.83 | R25: 0.15 | S25: =Ene!S25+Feb!S25+Mar!S25+Abr!S25+May!S25+Jun!S25+Jul!S25+Ago!S25+Set!S25+Oct!S25+Nov!S25+Dic!S25 -> 195082.95 | T25: 0.0375 | U25: =IF($F25&"/Día"=W$9,SUM($G25:$H25),"") -> 55946 | V25: =IF(U25<>"",$O25,"") -> 5202212.2 | W25: =IF($F25&"/Día"=W$9,ROUND(U25/$W$1,1),"") -> 153.3 | X25: =IF(U25=0,0,IF($F25&"/Día"=W$9,ROUND(V25/U25,4),"")) -> 92.9863 | Y25: =IF(U25=0,0,IF($F25&"/Día"=W$9,ROUND(Z25/U25,4),"")) -> 17.4349 | Z25: =IF(U25<>"",$P25,"") -> 975414.78 | AA25: =IF($F25&"/Día"=AC$9,SUM($G25:$H25),"") | AB25: =IF(AA25<>"",$O25,"") | AC25: =IF($F25&"/Día"=AC$9,ROUND(AA25/$W$1,1),"") | AD25: =IF(AA25=0,0,IF($F25&"/Día"=AC$9,ROUND(AB25/AA25,4),"")) | AE25: =IF(AA25=0,0,IF($F25&"/Día"=AC$9,ROUND(AF25/AA25,4),"")) | AF25: =IF(AA25<>"",$P25,"") | AH25: =IF(O25=0,"",IF(I25="",H25*J25-SUM(K25:N25)-O25,+(G25*I25+H25*J25)-SUM(K25:N25)-O25)) -> -5206502.8
A26: - | B26: X | C26: Licencia | D26: Mes | E26: F2 | F26: Bls | G26: =Ene!G26+Feb!G26+Mar!G26+Abr!G26+May!G26+Jun!G26+Jul!G26+Ago!G26+Set!G26+Oct!G26+Nov!G26+Dic!G26 -> 2021403 | H26: =Ene!H26+Feb!H26+Mar!H26+Abr!H26+May!H26+Jun!H26+Jul!H26+Ago!H26+Set!H26+Oct!H26+Nov!H26+Dic!H26 -> 2128431 | N26: =Ene!N26+Feb!N26+Mar!N26+Abr!N26+May!N26+Jun!N26+Jul!N26+Ago!N26+Set!N26+Oct!N26+Nov!N26+Dic!N26 -> 66192.609 | O26: =Ene!O26+Feb!O26+Mar!O26+Abr!O26+May!O26+Jun!O26+Jul!O26+Ago!O26+Set!O26+Oct!O26+Nov!O26+Dic!O26 -> 3.8663687e+08 | P26: =Ene!P26+Feb!P26+Mar!P26+Abr!P26+May!P26+Jun!P26+Jul!P26+Ago!P26+Set!P26+Oct!P26+Nov!P26+Dic!P26 -> 72494413 | Q26: =Ene!Q26+Feb!Q26+Mar!Q26+Abr!Q26+May!Q26+Jun!Q26+Jul!Q26+Ago!Q26+Set!Q26+Oct!Q26+Nov!Q26+Dic!Q26 -> 57995530 | R26: 0.15 | S26: =Ene!S26+Feb!S26+Mar!S26+Abr!S26+May!S26+Jun!S26+Jul!S26+Ago!S26+Set!S26+Oct!S26+Nov!S26+Dic!S26 -> 14498883 | T26: 0.0375 | U26: =IF($F26&"/Día"=W$9,SUM($G26:$H26),"") -> 4149834 | V26: =IF(U26<>"",$O26,"") -> 3.8663687e+08 | W26: =IF($F26&"/Día"=W$9,ROUND(U26/$W$1,1),"") -> 11369.4 | X26: =IF(U26=0,0,IF($F26&"/Día"=W$9,ROUND(V26/U26,4),"")) -> 93.1692 | Y26: =IF(U26=0,0,IF($F26&"/Día"=W$9,ROUND(Z26/U26,4),"")) -> 17.4692 | Z26: =IF(U26<>"",$P26,"") -> 72494413 | AA26: =IF($F26&"/Día"=AC$9,SUM($G26:$H26),"") | AB26: =IF(AA26<>"",$O26,"") | AC26: =IF($F26&"/Día"=AC$9,ROUND(AA26/$W$1,1),"") | AD26: =IF(AA26=0,0,IF($F26&"/Día"=AC$9,ROUND(AB26/AA26,4),"")) | AE26: =IF(AA26=0,0,IF($F26&"/Día"=AC$9,ROUND(AF26/AA26,4),"")) | AF26: =IF(AA26<>"",$P26,"") | AH26: =IF(O26=0,"",IF(I26="",H26*J26-SUM(K26:N26)-O26,+(G26*I26+H26*J26)-SUM(K26:N26)-O26)) -> -3.8670306e+08
A27: - | B27: X-GAS | C27: Licencia | D27: Mes | E27: F2 | F27: MM BTU | G27: =Ene!G27+Feb!G27+Mar!G27+Abr!G75+May!G27+Jun!G27+Jul!G27+Ago!G27+Set!G27+Oct!G27+Nov!G27+Dic!G27 -> 3001454.7 | H27: =Ene!H27+Feb!H27+Mar!H27+Abr!H75+May!H27+Jun!H27+Jul!H27+Ago!H27+Set!H27+Oct!H27+Nov!H27+Dic!H27 -> 3138422.4 | N27: =Ene!N27+Feb!N27+Mar!N27+Abr!N27+May!N27+Jun!N27+Jul!N27+Ago!N27+Set!N27+Oct!N27+Nov!N27+Dic!N27 -> 13066.039 | O27: =Ene!O27+Feb!O27+Mar!O27+Abr!O27+May!O27+Jun!O27+Jul!O27+Ago!O27+Set!O27+Oct!O27+Nov!O27+Dic!O27 -> 14723012 | P27: =Ene!P27+Feb!P27+Mar!P27+Abr!P27+May!P27+Jun!P27+Jul!P27+Ago!P27+Set!P27+Oct!P27+Nov!P27+Dic!P27 -> 2760564.7 | Q27: =Ene!Q27+Feb!Q27+Mar!Q27+Abr!Q27+May!Q27+Jun!Q27+Jul!Q27+Ago!Q27+Set!Q27+Oct!Q27+Nov!Q27+Dic!Q27 -> 2208451.8 | R27: 0.15 | S27: =Ene!S27+Feb!S27+Mar!S27+Abr!S27+May!S27+Jun!S27+Jul!S27+Ago!S27+Set!S27+Oct!S27+Nov!S27+Dic!S27 -> 552112.95 | T27: 0.0375 | U27: =IF($F27&"/Día"=W$9,SUM($G27:$H27),"") | V27: =IF(U27<>"",$O27,"") | W27: =IF($F27&"/Día"=W$9,ROUND(U27/$W$1,1),"") | X27: =IF(U27=0,0,IF($F27&"/Día"=W$9,ROUND(V27/U27,4),"")) | Y27: =IF(U27=0,0,IF($F27&"/Día"=W$9,ROUND(Z27/U27,4),"")) | Z27: =IF(U27<>"",$P27,"") | AA27: =IF($F27&"/Día"=AC$9,SUM($G27:$H27),"") -> 6139877.1 | AB27: =IF(AA27<>"",$O27,"") -> 14723012 | AC27: =IF($F27&"/Día"=AC$9,ROUND(AA27/$W$1,1),"") -> 16821.6 | AD27: =IF(AA27=0,0,IF($F27&"/Día"=AC$9,ROUND(AB27/AA27,4),"")) -> 2.3979 | AE27: =IF(AA27=0,0,IF($F27&"/Día"=AC$9,ROUND(AF27/AA27,4),"")) -> 0.4496 | AF27: =IF(AA27<>"",$P27,"") -> 2760564.7 | AH27: =IF(O27=0,"",IF(I27="",H27*J27-SUM(K27:N27)-O27,+(G27*I27+H27*J27)-SUM(K27:N27)-O27)) -> -14736078
A28: - | B28: XIV | C28: Licencia | D28: Mes | E28: F2 | F28: Bls | G28: =Ene!G28+Feb!G28+Mar!G28+Abr!G28+May!G28+Jun!G28+Jul!G28+Ago!G28+Set!G28+Oct!G28+Nov!G28+Dic!G28 -> 0 | H28: =Ene!H28+Feb!H28+Mar!H28+Abr!H28+May!H28+Jun!H28+Jul!H28+Ago!H28+Set!H28+Oct!H28+Nov!H28+Dic!H28 -> 0 | N28: =Ene!N28+Feb!N28+Mar!N28+Abr!N28+May!N28+Jun!N28+Jul!N28+Ago!N28+Set!N28+Oct!N28+Nov!N28+Dic!N28 -> 0 | O28: =Ene!O28+Feb!O28+Mar!O28+Abr!O28+May!O28+Jun!O28+Jul!O28+Ago!O28+Set!O28+Oct!O28+Nov!O28+Dic!O28 -> 0 | P28: =Ene!P28+Feb!P28+Mar!P28+Abr!P28+May!P28+Jun!P28+Jul!P28+Ago!P28+Set!P28+Oct!P28+Nov!P28+Dic!P28 -> 0 | Q28: =Ene!Q28+Feb!Q28+Mar!Q28+Abr!Q28+May!Q28+Jun!Q28+Jul!Q28+Ago!Q28+Set!Q28+Oct!Q28+Nov!Q28+Dic!Q28 -> 0 | R28: 0.15 | S28: =Ene!S28+Feb!S28+Mar!S28+Abr!S28+May!S28+Jun!S28+Jul!S28+Ago!S28+Set!S28+Oct!S28+Nov!S28+Dic!S28 -> 0 | T28: 0.0375 | U28: =IF($F28&"/Día"=W$9,SUM($G28:$H28),"") -> 0 | V28: =IF(U28<>"",$O28,"") -> 0 | W28: =IF($F28&"/Día"=W$9,ROUND(U28/$W$1,1),"") -> 0 | X28: =IF(U28=0,0,IF($F28&"/Día"=W$9,ROUND(V28/U28,4),"")) -> 0 | Y28: =IF(U28=0,0,IF($F28&"/Día"=W$9,ROUND(Z28/U28,4),"")) -> 0 | Z28: =IF(U28<>"",$P28,"") -> 0 | AA28: =IF($F28&"/Día"=AC$9,SUM($G28:$H28),"") | AB28: =IF(AA28<>"",$O28,"") | AC28: =IF($F28&"/Día"=AC$9,ROUND(AA28/$W$1,1),"") | AD28: =IF(AA28=0,0,IF($F28&"/Día"=AC$9,ROUND(AB28/AA28,4),"")) | AE28: =IF(AA28=0,0,IF($F28&"/Día"=AC$9,ROUND(AF28/AA28,4),"")) | AF28: =IF(AA28<>"",$P28,"") | AH28: =IF(O28=0,"",IF(I28="",H28*J28-SUM(K28:N28)-O28,+(G28*I28+H28*J28)-SUM(K28:N28)-O28))
